"Hostname","OS Type","IP Address","MAC Address","WLAN (SSID)","AP MAC","Traffic (Session)","Traffic (uplink)","Traffic (downlink)","Data Rate (up)","Data Rate (down)","RSSI","SNR","Radio Type","VLAN","Channel","User Name","Auth Method","Auth Status","Control Plane","Session start time"
"","Unidentified Router or AP","10.60.1.48/::","00:16:78:69:09:00","EHC TV","B4:79:C8:10:F8:40","11062116","16533","11045583","70","47203","-64","31","g/n","60","6","N/A","Standard+Open","AUTHORIZED","vsz","2025/07/04 11:32:51"
"","Unidentified Router or AP","10.90.2.55/::","00:16:78:91:33:E0","EHC TV","B4:79:C8:10:DE:70","102677133","5687004","96990129","2863","48836","-71","25","g/n","90","11","N/A","Standard+Open","AUTHORIZED","vsz","2025/07/04 11:31:44"
"","Unidentified Router or AP","10.90.2.87/::","00:16:78:9F:63:DC","EHC TV","B4:79:C8:10:E0:60","410555604","28572814","381982790","5640","75401","-78","16","g/n","90","6","N/A","Standard+Open","AUTHORIZED","vsz","2025/07/04 09:07:38"
"Samsung","Unknown","10.60.0.159/::","00:7C:2D:26:92:EF","EHC TV","C8:03:F5:14:C7:A0","1417976600","51105759","1366870841","28614","765325","-79","16","g/n","60","1","N/A","Standard+Open","AUTHORIZED","vsz","2025/07/04 05:09:10"
"Samsung","Unknown","10.40.2.140/::","00:7C:2D:26:92:FD","EHC TV","84:23:88:1E:4B:A0","505428305","13964400","491463905","3984","140217","-61","31","g/n","40","1","N/A","Standard+Open","AUTHORIZED","vsz","2025/07/04 08:34:08"
"Samsung","Unknown","10.90.3.123/::","00:7C:2D:26:93:19","EHC TV","B4:79:C8:10:D5:30","355647011","16591233","339055778","12409","253594","-86","11","g/n","90","11","N/A","Standard+Open","AUTHORIZED","vsz","2025/07/04 04:11:59"
"Samsung","Unknown","10.90.4.250/::","00:7C:2D:26:93:3C","EHC TV","B4:79:C8:10:E3:B0","59905823","1488010","58417813","281","11070","-80","15","g/n","90","6","N/A","Standard+Open","AUTHORIZED","vsz","2025/07/04 06:08:57"
"Samsung","Unknown","10.90.5.162/::","00:7C:2D:26:93:FA","EHC TV","B4:79:C8:10:D5:20","3084318","177043","2907275","0","0","-61","35","N/A","90","11","N/A","Standard+Open","AUTHORIZED","vsz","2025/07/04 11:58:05"
"Samsung","Unknown","10.100.5.200/::","00:7C:2D:26:94:0C","EHC TV","20:58:69:0C:86:C0","15154298","7737287","7417011","2351","2253","-69","24","g/n","100","6","N/A","Standard+Open","AUTHORIZED","vsz","2025/07/04 02:37:52"
"Samsung","Unknown","10.20.1.178/::","00:7C:2D:AF:84:E2","EHC TV","B4:79:C8:11:06:40","44148088","6092220","38055868","2739","17111","-64","32","g/n","20","11","N/A","Standard+Open","AUTHORIZED","vsz","2025/07/04 02:32:17"
"Samsung","Unknown","10.100.0.17/::","00:7C:2D:AF:85:04","EHC TV","20:58:69:0C:98:30","11512279","891325","10620954","706","8422","-86","12","g/n","100","1","N/A","Standard+Open","AUTHORIZED","vsz","2025/07/04 11:40:44"
"Samsung","Unknown","10.90.5.171/::","00:7C:2D:AF:85:28","EHC TV","B4:79:C8:10:E0:B0","262538","50903","211635","1211","5038","-63","33","N/A","90","11","N/A","Standard+Open","AUTHORIZED","vsz","2025/07/04 12:02:12"
"Samsung","Unknown","10.20.0.53/::","00:C3:F4:7E:09:AE","EHC TV","8C:FE:74:00:D5:F0","61930929","2796051","59134878","7416","156856","-71","25","g/n","20","6","N/A","Standard+Open","AUTHORIZED","vsz","2025/07/04 11:58:33"
"Samsung","Unknown","10.100.0.95/::","00:C3:F4:7E:09:C1","EHC TV","20:58:69:0C:7C:80","164651557","7201689","157449868","5661","123781","-80","16","g/n","100","11","N/A","Standard+Open","AUTHORIZED","vsz","2025/07/04 11:42:24"
"Samsung","Unknown","10.50.2.219/::","00:C3:F4:7E:0A:11","EHC TV","B4:79:C8:15:4D:20","21148070","43690","21104380","1","826","-70","26","g/n","50","1","N/A","Standard+Open","AUTHORIZED","vsz","2025/07/04 04:59:57"
"Samsung","Unknown","10.30.7.129/::","00:C3:F4:7E:0A:C3","EHC TV","20:58:69:0C:6A:30","5534963","717834","4817129","4032","27062","-74","21","g/n","30","11","N/A","Standard+Open","AUTHORIZED","vsz","2025/07/04 11:44:56"
"Samsung","Unknown","10.100.6.177/::","00:C3:F4:7E:0A:E3","EHC TV","20:58:69:0C:98:30","46238219","2090165","44148054","3712","78415","-68","30","g/n","100","1","N/A","Standard+Open","AUTHORIZED","vsz","2025/07/04 11:54:17"
"Samsung","Unknown","10.30.6.96/::","00:C3:F4:7E:0B:02","EHC TV","C8:03:F5:33:C0:C0","58047480","3698048","54349432","1031","15164","-77","18","g/n","30","6","N/A","Standard+Open","AUTHORIZED","vsz","2025/07/04 09:56:52"
"Samsung","Unknown","10.30.3.226/::","00:C3:F4:7E:0B:1F","EHC TV","C8:03:F5:33:E5:D0","99571239","578980","98992259","21","3734","-71","25","g/n","30","11","N/A","Standard+Open","AUTHORIZED","vsz","2025/07/04 02:40:54"
"Samsung","Unknown","10.100.0.3/::","00:C3:F4:7E:0B:3B","EHC TV","20:58:69:0C:86:C0","1367980288","59093665","1308886623","18233","403852","-76","17","g/n","100","6","N/A","Standard+Open","AUTHORIZED","vsz","2025/07/03 21:28:30"
"Samsung","Unknown","10.60.5.170/::","00:C3:F4:7E:0B:77","EHC TV","C8:03:F5:33:AA:30","4222936","288805","3934131","956","13026","-72","23","N/A","60","11","N/A","Standard+Open","AUTHORIZED","vsz","2025/07/04 11:58:15"
"Samsung","Unknown","10.100.4.120/::","00:C3:F4:86:2D:62","EHC TV","20:58:69:0C:63:50","1347805449","66036016","1281769433","2899","56277","-65","28","g/n","100","6","N/A","Standard+Open","AUTHORIZED","vsz","2025/07/03 20:24:12"
"Samsung","Unknown","10.30.5.168/::","00:C3:F4:86:2E:6E","EHC TV","C8:03:F5:33:A9:D0","676502752","26374525","650128227","12922","318534","-68","27","g/n","30","11","N/A","Standard+Open","AUTHORIZED","vsz","2025/07/04 09:51:35"
"Samsung","Unknown","10.90.4.246/::","00:C3:F4:86:2E:81","EHC TV","B4:79:C8:10:DE:70","4642336","795705","3846631","144","699","-73","23","g/n","90","11","N/A","Standard+Open","AUTHORIZED","vsz","2025/07/04 10:31:31"
"Samsung","Unknown","10.20.1.222/::","00:C3:F4:86:2E:AA","EHC TV","C8:03:F5:33:A7:F0","1515083","138090","1376993","155","1547","-82","15","g/n","20","1","N/A","Standard+Open","AUTHORIZED","vsz","2025/07/04 11:49:11"
"Samsung","Unknown","10.100.1.127/::","00:C3:F4:86:2F:72","EHC TV","20:58:69:0C:6D:B0","287469969","670979","286798990","14","6250","-71","25","g/n","100","6","N/A","Standard+Open","AUTHORIZED","vsz","2025/07/03 04:29:57"
"Samsung","Unknown","10.100.7.243/::","00:C3:F4:86:46:50","EHC TV","20:58:69:0C:6E:70","3841368","534693","3306675","151","938","-80","15","g/n","100","11","N/A","Standard+Open","AUTHORIZED","vsz","2025/07/04 03:32:54"
"Samsung","Unknown","10.100.0.141/::","00:C3:F4:86:46:64","EHC TV","20:58:69:0C:95:C0","6476682399","231373086","6245309313","1192644","32192316","-58","37","g/n","100","1","N/A","Standard+Open","AUTHORIZED","vsz","2025/06/29 20:24:14"
"Samsung","Unknown","10.100.7.193/::","00:C3:F4:86:46:C2","EHC TV","20:58:69:0C:7C:80","683532638","29416785","654115853","4773","106135","-75","21","g/n","100","11","N/A","Standard+Open","AUTHORIZED","vsz","2025/07/04 10:20:54"
"Samsung","Unknown","10.30.0.193/::","00:C3:F4:86:48:7B","EHC TV","C8:03:F5:33:AC:20","2589056","879502","1709554","1859","3614","-72","23","g/n","30","6","N/A","Standard+Open","AUTHORIZED","vsz","2025/07/04 11:01:40"
"Samsung","Unknown","10.100.3.135/::","00:C3:F4:86:48:7F","EHC TV","20:58:69:0C:79:00","21712316088","901154095","20811161993","29104","672130","-69","25","g/n","100","1","N/A","Standard+Open","AUTHORIZED","vsz","2025/06/25 13:12:11"
"iPhone","Unknown","10.50.1.15/::","02:3E:3C:AD:A4:E7","EHC TV","B4:79:C8:10:F4:40","4537819","444644","4093175","153","1409","-94","10","a/n/ac","50","165","N/A","Standard+Open","AUTHORIZED","vsz","2025/07/04 11:16:26"
"realme-P1-Pro-5G","Unknown","10.80.7.158/::","02:6C:0C:2A:C6:BB","EHC TV","C8:03:F5:33:C2:D0","1006062183","76333093","929729090","6885","83865","-74","24","g/n","80","11","N/A","Standard+Open","AUTHORIZED","vsz","2025/07/04 08:57:38"
"iPad","Unknown","10.60.5.191/::","02:9A:86:09:F1:F5","EHC TV","C8:03:F5:14:DA:60","","","","","","","","N/A","60","","N/A","Standard+Open","AUTHORIZED","","2025/07/04 12:05:07"
"Redmi8-Redmi8","Android","10.90.3.210/::","04:C8:07:A7:80:96","EHC TV","70:CA:97:25:A0:B0","142894580","34540781","108353799","2338","7336","-65","30","g/n","90","1","N/A","Standard+Open","AUTHORIZED","vsz","2025/07/04 07:59:02"
"Ahmed","Unknown","10.100.7.179/::","06:56:39:2D:9D:9C","EHC TV","20:58:69:0C:A2:80","200692945","9200934","191492011","3316","69031","-58","39","g/n","100","6","N/A","Standard+Open","AUTHORIZED","vsz","2025/07/04 11:15:55"
"HONOR-X9c","Unknown","10.90.5.53/::","08:84:FB:B5:B3:29","EHC TV","B4:79:C8:10:E4:A0","7329811","200406","7129405","125","4469","-89","12","a/n/ac","90","116","N/A","Standard+Open","AUTHORIZED","vsz","2025/07/04 06:30:49"
"Galaxy-A13","Unknown","10.100.3.151/::","0A:A0:6A:A8:71:F0","EHC TV","20:58:69:0C:B0:80","831171554","113309032","717862522","3146","19934","-63","34","g/n","100","1","N/A","Standard+Open","AUTHORIZED","vsz","2025/07/04 01:21:29"
"Galaxy-S24-FE-5G","Unknown","10.100.7.121/::","0A:EF:74:5D:8E:30","EHC TV","20:58:69:0C:B0:80","206165168","15802711","190362457","3034","36551","-65","32","g/n","100","1","N/A","Standard+Open","AUTHORIZED","vsz","2025/07/04 10:37:28"
"Redmi-Note-11E","Unknown","10.30.6.15/::","0E:29:8F:18:DC:32","EHC TV","20:58:69:0C:72:D0","434576","145747","288829","2277","4512","-95","7","a/n/ac","30","104","N/A","Standard+Open","AUTHORIZED","vsz","2025/07/04 12:03:59"
"","Unknown","10.80.5.51/::","0E:4B:CB:7D:26:D8","EHC TV","70:CA:97:25:BD:70","48189143","2069285","46119858","3525","78568","-67","34","a/n/ac","80","56","N/A","Standard+Open","AUTHORIZED","vsz","2025/07/04 11:46:47"
"Galaxy-A24","Unknown","10.60.5.48/::","0E:68:67:7A:E1:39","EHC TV","20:58:69:0C:6B:C0","3266639","2208","3264431","3","5542","-83","15","g/n","60","11","N/A","Standard+Open","AUTHORIZED","vsz","2025/07/03 20:52:10"
"moto-g23","Unknown","10.30.0.221/::","16:1B:DA:8C:00:A0","EHC TV","20:58:69:0C:72:D0","56198703","3467285","52731418","1306","19876","-76","19","g/n","30","11","N/A","Standard+Open","AUTHORIZED","vsz","2025/07/04 11:01:07"
"Redmi-12-5G","Unknown","10.100.7.117/::","16:37:A6:2E:D8:8A","EHC TV","20:58:69:0C:B3:30","1275082","18743","1256339","32","2162","-64","31","g/n","100","6","N/A","Standard+Open","AUTHORIZED","vsz","2025/07/04 11:52:04"
"Tab-S9-FE-alkhas-b-mhmd","Unknown","10.20.1.225/::","16:56:12:E9:CF:41","EHC TV","B4:79:C8:11:06:40","380510566","14109410","366401156","6349","164897","-77","31","a/n/ac","20","48","N/A","Standard+Open","AUTHORIZED","vsz","2025/07/04 01:36:53"
"Galaxy-A14","Unknown","10.30.3.14/::","16:8B:4A:94:7C:2B","EHC TV","C8:03:F5:39:DE:90","125856432","5811171","120045261","191","3957","-74","19","g/n","30","6","N/A","Standard+Open","AUTHORIZED","vsz","2025/07/04 03:39:53"
"Redmi8-POr4","Android","10.30.6.70/::","18:87:40:51:02:1A","EHC TV","C8:03:F5:33:A9:00","28044146","6743107","21301039","21543","68054","-75","21","g/n","30","1","N/A","Standard+Open","AUTHORIZED","vsz","2025/07/03 20:44:53"
"Redmi-Note-8","Unknown","10.50.7.101/::","18:87:40:C5:9B:A8","EHC TV","C8:03:F5:33:C7:A0","23366738","1087678","22279060","3601","73771","-90","10","a/n/ac","50","48","N/A","Standard+Open","AUTHORIZED","vsz","2025/07/04 11:48:31"
"A15-alkhas-b-Marim","Unknown","10.20.1.169/::","1A:72:11:1D:FD:B0","EHC TV","C8:03:F5:33:AC:B0","448730","193392","255338","336","444","-76","19","g/n","20","6","N/A","Standard+Open","AUTHORIZED","vsz","2025/07/04 11:41:02"
"Galaxy-A14","Unknown","10.90.2.85/::","1E:C2:BC:73:33:5C","EHC TV","B4:79:C8:10:D4:80","24640762","1309663","23331099","190","3394","-77","25","a/n/ac","90","44","N/A","Standard+Open","AUTHORIZED","vsz","2025/07/04 10:04:17"
"Redmi-13C","Unknown","10.30.5.4/::","22:12:6E:AD:38:41","EHC TV","C8:03:F5:33:A9:00","694641994","18449470","676192524","356","13056","-87","16","a/n/ac","30","116","N/A","Standard+Open","AUTHORIZED","vsz","2025/07/03 21:40:26"
"riham-said-s-A55","Unknown","10.40.2.56/::","22:64:5E:83:D0:44","EHC TV","84:23:88:1E:4B:E0","281865986","12141091","269724895","3104","68965","-77","13","a/n/ac","40","44","N/A","Standard+Open","AUTHORIZED","vsz","2025/07/04 10:33:19"
"iPhone","Unknown","10.60.5.162/::","26:2C:68:95:ED:5D","EHC TV","C8:03:F5:33:B3:00","","","","","","","","N/A","60","","N/A","Standard+Open","AUTHORIZED","","2025/07/04 12:05:25"
"","Unknown","10.20.1.131/::","26:3E:F1:A3:AB:B1","EHC TV","C8:03:F5:33:AC:B0","0","0","0","0","0","0","0","a/n/ac","20","112","N/A","Standard+Open","AUTHORIZED","vsz","2025/07/04 12:02:16"
"Galaxy-A03s","Unknown","10.80.1.157/::","26:56:6D:C1:38:D8","EHC TV","84:23:88:1E:4F:70","72764308","2947738","69816570","2724","64525","-62","31","g/n","80","11","N/A","Standard+Open","AUTHORIZED","vsz","2025/07/04 11:46:23"
"","Unknown","10.80.1.136/::","26:9D:97:1F:43:6D","EHC TV","84:23:88:1E:4B:40","39788662","1861565","37927097","2030","41359","-57","33","a/n/ac","80","36","N/A","Standard+Open","AUTHORIZED","vsz","2025/07/04 11:48:56"
"FAYEZ-JODA","Windows (Mobile) 8/8.1/10","10.30.6.193/::","28:2E:89:5C:C4:C0","EHC TV","C8:03:F5:33:AB:20","276084062","12069993","264014069","6270","137150","-82","17","a/n/ac","30","124","N/A","Standard+Open","AUTHORIZED","vsz","2025/07/04 11:31:34"
"iPhone","Unknown","10.90.5.172/::","28:34:FF:ED:55:70","EHC TV","B4:79:C8:10:D4:A0","","","","","","","","N/A","90","","N/A","Standard+Open","AUTHORIZED","","2025/07/04 12:03:24"
"iPhone","Unknown","10.90.3.207/::","28:83:C9:97:EB:93","EHC TV","20:58:69:0C:98:40","0","0","0","0","0","0","0","a/n/ac","90","108","N/A","Standard+Open","AUTHORIZED","vsz","2025/07/04 12:04:34"
"Galaxy-S23-Ultra","Unknown","10.30.6.189/::","2A:69:78:7B:46:E3","EHC TV","20:58:69:0C:B0:F0","33435877","5948276","27487601","28875","133434","-66","29","g/n","30","1","N/A","Standard+Open","AUTHORIZED","vsz","2025/07/04 10:23:21"
"RRK-s-S24-FE","Unknown","10.110.0.139/::","2A:87:79:A4:BD:CB","EHC TV","B4:79:C8:10:D7:90","92359492","30197841","62161651","4234","8717","-81","21","a/n/ac","110","40","N/A","Standard+Open","AUTHORIZED","vsz","2025/07/04 10:04:36"
"Galaxy-A15","Unknown","10.30.2.23/::","2A:88:A5:0F:E2:FC","EHC TV","20:58:69:0C:6C:90","1201104","395973","805131","158","322","-69","26","g/n","30","11","N/A","Standard+Open","AUTHORIZED","vsz","2025/07/04 09:51:39"
"OPPO-A98-5G","Unknown","10.80.1.228/::","2A:B8:51:06:5D:7C","EHC TV","C8:03:F5:33:C5:D0","1576464","773667","802797","5905","6128","-70","27","g/n","80","11","N/A","Standard+Open","AUTHORIZED","vsz","2025/07/04 11:59:58"
"Galaxy-Tab-A9","Unknown","10.60.1.183/::","2A:CA:F9:95:66:86","EHC TV","84:23:88:1E:4B:60","172588860","877026","171711834","30","5905","-83","10","g/n","60","1","N/A","Standard+Open","AUTHORIZED","vsz","2025/07/04 03:59:01"
"Redmi-12-5G","Unknown","10.100.5.196/::","2A:F9:B0:60:BB:AF","EHC TV","70:CA:97:25:A0:20","27055244","2580739","24474505","221","2100","-80","20","a/n/ac","100","36","N/A","Standard+Open","AUTHORIZED","vsz","2025/07/04 07:36:41"
"Galaxy-S24-Ultra","Unknown","10.90.2.184/::","2E:65:A9:2E:4C:B7","EHC TV","B4:79:C8:10:D4:A0","203716053","11081850","192634203","4075","70847","-71","22","g/n","90","6","N/A","Standard+Open","AUTHORIZED","vsz","2025/07/04 11:17:58"
"OPPO-A18","Unknown","10.20.1.75/::","32:29:94:2F:FC:80","EHC TV","C8:03:F5:33:AC:B0","2683814","487427","2196387","555","2501","-97","6","a/n/ac","20","112","N/A","Standard+Open","AUTHORIZED","vsz","2025/07/04 11:32:38"
"HONOR","Unknown","10.90.3.201/::","32:C1:93:03:61:D2","EHC TV","B4:79:C8:10:E5:40","487695","74833","412862","997","5504","-94","13","a/n/ac","90","36","N/A","Standard+Open","AUTHORIZED","vsz","2025/07/04 12:03:45"
"HONOR-Pad-X8a","Unknown","10.60.4.187/::","34:86:DA:5E:CF:C6","EHC TV","20:58:69:24:8E:B0","29786317","135240","29651077","27","6087","-77","24","a/n/ac","60","56","N/A","Standard+Open","AUTHORIZED","vsz","2025/07/04 10:41:18"
"HONOR-X9c","Unknown","10.50.3.42/::","34:86:DA:E0:AC:91","EHC TV","B4:79:C8:10:D2:10","82291420","3572064","78719356","1997","44026","-79","22","a/n/ac","50","120","N/A","Standard+Open","AUTHORIZED","vsz","2025/07/04 11:34:54"
"HONOR-X8b","Unknown","10.40.2.121/::","36:A9:1C:06:D7:0E","EHC TV","84:23:88:1E:4C:C0","2849628","312444","2537184","1170","9502","-90","0","a/n/ac","70","161","N/A","Standard+Open","AUTHORIZED","vsz","2025/07/04 12:03:00"
"Redmi-9","Unknown","10.80.0.87/::","36:B4:B4:7F:3A:66","EHC TV","C8:03:F5:33:C2:D0","86364442","13133436","73231006","8260","46057","-68","30","g/n","80","11","N/A","Standard+Open","AUTHORIZED","vsz","2025/07/04 11:35:54"
"Galaxy-A14","Unknown","10.30.6.192/::","3A:50:83:74:EA:CD","EHC TV","20:58:69:0C:6B:B0","4033224","398034","3635190","5768","52683","-77","21","g/n","30","1","N/A","Standard+Open","AUTHORIZED","vsz","2025/07/04 10:22:08"
"","Unknown","10.80.1.122/::","3A:75:51:8A:5F:C7","EHC TV","70:CA:97:25:BD:70","","","","","","","","N/A","80","","N/A","Standard+Open","AUTHORIZED","","2025/07/04 12:04:40"
"Galaxy-A15-5G","Unknown","10.30.7.113/::","3A:E8:67:D5:9F:51","EHC TV","20:58:69:0C:6B:B0","894335","160652","733683","1063","4858","-85","15","a/n/ac","30","100","N/A","Standard+Open","AUTHORIZED","vsz","2025/07/04 12:00:18"
"Galaxy-A16","Unknown","10.60.0.112/::","3A:F3:8F:31:E4:AA","EHC TV","20:58:69:0C:6B:C0","3365891","33650","3332241","57","5686","-83","15","g/n","60","11","N/A","Standard+Open","AUTHORIZED","vsz","2025/07/04 11:53:08"
"durba","Unknown","10.80.0.17/::","3E:11:88:34:95:75","EHC TV","20:58:69:0C:88:F0","206253974","146038694","60215280","115995","47827","-69","33","a/n/ac","80","36","N/A","Standard+Open","AUTHORIZED","vsz","2025/07/04 11:42:35"
"","Unknown","10.40.1.144/::","3E:DA:F9:BA:5E:A2","EHC TV","84:23:88:1E:4C:E0","444258","69865","374393","743","3982","-74","18","a/n/ac","40","40","N/A","Standard+Open","AUTHORIZED","vsz","2025/07/04 12:01:09"
"Redmi-Note-12R","Unknown","10.80.7.148/::","3E:DC:5B:A4:81:CD","EHC TV","C8:03:F5:38:F5:C0","17947408","1303037","16644371","207","2649","-56","39","g/n","80","6","N/A","Standard+Open","AUTHORIZED","vsz","2025/07/04 10:18:40"
"iPhone","Unknown","10.50.4.98/::","40:D1:60:01:05:43","EHC TV","B4:79:C8:10:E5:D0","0","0","0","0","0","0","0","a/n/ac","50","157","N/A","Standard+Open","AUTHORIZED","vsz","2025/07/04 12:04:25"
"Galaxy-S25-Ultra","Unknown","10.60.5.174/::","42:55:02:23:7F:1A","EHC TV","C8:03:F5:33:B3:00","2938539","710153","2228386","2254","7074","-70","32","a/n/ac","60","52","N/A","Standard+Open","AUTHORIZED","vsz","2025/07/04 11:59:26"
"moto-g54-5G","Unknown","10.60.4.152/::","42:62:5A:83:56:0D","EHC TV","B4:79:C8:10:F8:40","81825808","2323107","79502701","227","7798","-87","8","g/n","60","6","N/A","Standard+Open","AUTHORIZED","vsz","2025/07/04 09:14:07"
"A30s-alkhas-b-Nariman","Unknown","10.60.3.41/::","42:84:18:91:9B:25","EHC TV","C8:03:F5:33:B3:00","2373186","6884","2366302","16","5620","-89","13","a/n/ac","60","52","N/A","Standard+Open","AUTHORIZED","vsz","2025/07/04 11:51:17"
"M2003J15SC","Unknown","10.80.1.148/::","42:A0:F6:17:C8:A1","EHC TV","20:58:69:0C:88:70","10604540","465765","10138775","5544","120699","-65","31","g/n","80","11","N/A","Standard+Open","AUTHORIZED","vsz","2025/07/04 11:49:45"
"Galaxy-S24-Ultra","Unknown","10.40.2.230/::","42:A2:A8:0B:AA:2F","EHC TV","84:23:88:1E:4C:E0","267985946","18199024","249786922","4107","56372","-59","33","g/n","40","11","N/A","Standard+Open","AUTHORIZED","vsz","2025/07/04 10:48:52"
"BTKR-W09","Unknown","10.40.2.53/::","42:F0:C4:DD:F5:41","EHC TV","84:23:88:1E:4C:E0","1104420412","35162613","1069257799","336","10224","-73","19","a/n/ac","40","40","N/A","Standard+Open","AUTHORIZED","vsz","2025/07/03 06:59:48"
"iPhone","Unknown","10.90.2.92/::","44:DA:30:19:96:DB","EHC TV","20:58:69:0C:98:40","0","0","0","0","0","0","0","a/n/ac","90","108","N/A","Standard+Open","AUTHORIZED","vsz","2025/07/04 12:04:04"
"A13-alkhas-b-samy","Unknown","10.100.4.61/::","46:16:EA:F2:55:72","EHC TV","20:58:69:0C:AF:00","576764","21761","555003","78","2003","-60","40","a/n/ac","100","100","N/A","Standard+Open","AUTHORIZED","vsz","2025/07/04 11:59:40"
"S25-Ultra-alkhas-b-Dima","Unknown","10.40.4.154/::","4A:E1:DC:AA:3B:24","EHC TV","C8:03:F5:33:A7:90","252447738","9838376","242609362","1657","40884","-75","22","g/n","40","11","N/A","Standard+Open","AUTHORIZED","vsz","2025/07/04 10:23:38"
"Doaa-s-Z-Flip3","Unknown","10.30.6.112/::","4E:BF:91:B8:28:15","EHC TV","20:58:69:0C:6C:60","184443261","10684213","173759048","3713","60395","-69","32","a/n/ac","30","100","N/A","Standard+Open","AUTHORIZED","vsz","2025/07/04 11:16:21"
"","Unknown","10.80.0.93/::","4E:C3:48:9E:A2:5D","EHC TV","C8:03:F5:38:F4:A0","1468249","75314","1392935","105","1953","-89","13","a/n/ac","80","161","N/A","Standard+Open","AUTHORIZED","vsz","2025/07/04 12:02:13"
"Galaxy-S24-Ultra","Unknown","10.40.1.158/::","52:D2:1C:E6:2B:8A","EHC TV","B4:79:C8:10:F4:70","47324174","2707598","44616576","7239","119295","-90","10","a/n/ac","40","108","N/A","Standard+Open","AUTHORIZED","vsz","2025/07/04 11:31:12"
"Samsung","Unknown","10.60.6.178/::","54:3A:D6:56:E8:8C","EHC TV","B4:79:C8:10:E3:D0","1625715437","49027874","1576687563","1644","52889","-67","28","g/n","60","6","N/A","Standard+Open","AUTHORIZED","vsz","2025/07/04 01:03:07"
"Samsung","Unknown","10.60.6.194/::","54:3A:D6:57:04:D0","EHC TV","B4:79:C8:11:0A:F0","3917453851","130387639","3787066212","2561","74412","-73","23","g/n","60","6","N/A","Standard+Open","AUTHORIZED","vsz","2025/07/03 21:55:55"
"Samsung","Unknown","10.40.3.51/::","54:3A:D6:57:DE:FC","EHC TV","84:23:88:1E:49:F0","1804780962","77194422","1727586540","1296","29018","-70","21","a/n/ac","40","40","N/A","Standard+Open","AUTHORIZED","vsz","2025/07/03 19:30:13"
"Samsung","Unknown","10.40.7.55/::","54:3A:D6:58:01:98","EHC TV","84:23:88:1E:46:40","150098655","3201922","146896733","122","5611","-72","20","g/n","40","6","N/A","Standard+Open","AUTHORIZED","vsz","2025/07/04 04:17:29"
"Samsung","Unknown","10.60.5.149/::","54:3A:D6:58:C7:4E","EHC TV","20:58:69:0C:72:50","40915812","710592","40205220","1142","64638","-88","14","a/n/ac","60","48","N/A","Standard+Open","AUTHORIZED","vsz","2025/07/04 10:22:07"
"Samsung","Unknown","10.30.7.144/::","54:3A:D6:58:F2:4C","EHC TV","20:58:69:0C:6A:00","11008973264","363062623","10645910641","4259","124913","-90","10","a/n/ac","30","48","N/A","Standard+Open","AUTHORIZED","vsz","2025/07/03 12:23:16"
"Samsung","Unknown","10.40.4.9/::","54:3A:D6:58:F2:6C","EHC TV","84:23:88:1E:4B:A0","336670854","5804178","330866676","126","7190","-62","30","g/n","40","1","N/A","Standard+Open","AUTHORIZED","vsz","2025/07/03 23:18:19"
"Samsung","Unknown","10.40.3.188/::","54:3A:D6:58:F9:20","EHC TV","84:23:88:1E:4C:D0","3195079437","103599601","3091479836","2324","69362","-71","19","a/n/ac","40","36","N/A","Standard+Open","AUTHORIZED","vsz","2025/07/03 23:40:11"
"Samsung","Unknown","10.40.3.78/::","54:3A:D6:59:06:12","EHC TV","84:23:88:1E:4B:A0","3594659787","124570144","3470089643","9267","258171","-66","26","g/n","40","1","N/A","Standard+Open","AUTHORIZED","vsz","2025/07/02 12:19:54"
"Samsung","Unknown","10.40.2.176/::","54:3A:D6:59:0D:54","EHC TV","84:23:88:1E:49:F0","325595730","11002170","314593560","4859","138954","-68","23","a/n/ac","40","40","N/A","Standard+Open","AUTHORIZED","vsz","2025/07/04 11:01:06"
"Samsung","Unknown","10.60.5.90/::","54:3A:D6:59:0D:78","EHC TV","C8:03:F5:34:1A:D0","3159498","225743","2933755","2894","37612","-88","9","N/A","60","11","N/A","Standard+Open","AUTHORIZED","vsz","2025/07/04 12:02:29"
"Samsung","Unknown","10.20.0.237/::","54:3A:D6:59:10:A8","EHC TV","8C:FE:74:00:D5:F0","14492504486","502521462","13989983024","4880","135860","-77","24","a/n/ac","20","44","N/A","Standard+Open","AUTHORIZED","vsz","2025/07/03 07:28:37"
"Samsung","Unknown","10.40.3.142/::","54:3A:D6:59:14:C8","EHC TV","84:23:88:1E:47:D0","5312309347","166770965","5145538382","2699","83297","-72","18","a/n/ac","40","44","N/A","Standard+Open","AUTHORIZED","vsz","2025/07/03 01:56:07"
"Samsung","Unknown","10.20.1.203/::","54:3A:D6:84:0E:4A","EHC TV","20:58:69:0C:A3:30","503576312","15816164","487760148","5838","180051","-80","21","a/n/ac","20","52","N/A","Standard+Open","AUTHORIZED","vsz","2025/07/04 11:19:47"
"Samsung","Unknown","10.60.4.88/::","54:3A:D6:84:40:52","EHC TV","20:58:69:0C:7B:E0","389135020","16354544","372780476","3297","75157","-75","20","g/n","60","11","N/A","Standard+Open","AUTHORIZED","vsz","2025/07/04 10:40:46"
"Galaxy-S24-Ultra","Unknown","10.40.0.84/::","56:09:E2:72:02:3B","EHC TV","84:23:88:1E:4C:E0","550631883","32419741","518212142","1693","27066","-64","28","g/n","40","11","N/A","Standard+Open","AUTHORIZED","vsz","2025/07/04 05:03:10"
"Galaxy-A04e","Unknown","10.80.1.166/::","56:45:0C:51:A3:FB","EHC TV","20:58:69:0C:88:F0","61617571","5329766","56287805","2434","25713","-57","38","g/n","80","11","N/A","Standard+Open","AUTHORIZED","vsz","2025/07/04 11:27:05"
"HMD-Pulse-Pro","Unknown","10.90.3.92/::","56:4A:8D:0B:71:77","EHC TV","B4:79:C8:10:F0:70","1594078","94945","1499133","215","3407","-82","15","g/n","90","11","N/A","Standard+Open","AUTHORIZED","vsz","2025/07/04 11:55:35"
"Redmi-Note-12","Unknown","10.20.0.9/::","56:A2:73:70:4A:46","EHC TV","C8:03:F5:33:AC:B0","2154410","374775","1779635","920","4372","-89","14","a/n/ac","20","112","N/A","Standard+Open","AUTHORIZED","vsz","2025/07/04 12:02:04"
"Redmi-Note-12R","Unknown","10.110.6.56/::","5A:50:B5:55:3B:B9","EHC TV","B4:79:C8:10:D7:90","207386091","54522773","152863318","442","1240","-69","33","a/n/ac","110","40","N/A","Standard+Open","AUTHORIZED","vsz","2025/07/03 01:49:11"
"S25-Ultra-alkhas-b-Ashraf","Unknown","10.90.2.200/::","5A:61:73:6D:95:F2","EHC TV","70:CA:97:25:BD:B0","13315683","102939","13212744","25","3334","-85","15","a/n/ac","90","52","N/A","Standard+Open","AUTHORIZED","vsz","2025/07/04 10:58:37"
"","Unknown","10.40.6.86/::","5E:AB:76:3A:9C:36","EHC TV","C8:03:F5:33:C7:C0","231636","89717","141919","1068","1689","-75","22","g/n","40","11","N/A","Standard+Open","AUTHORIZED","vsz","2025/07/04 12:01:06"
"HONOR-X9c-Smart","Unknown","10.60.0.102/::","5E:B0:D1:60:20:55","EHC TV","C8:03:F5:14:DB:30","38729618","858312","37871306","145","6427","-81","19","a/n/ac","60","44","N/A","Standard+Open","AUTHORIZED","vsz","2025/07/04 10:26:12"
"Reem","Unknown","10.20.0.79/::","60:0F:6B:50:55:87","EHC TV","20:58:69:0C:8B:F0","","","","","","","","N/A","20","","N/A","Standard+Open","AUTHORIZED","","2025/07/04 12:04:04"
"Galaxy-M13","Unknown","10.30.4.28/::","62:1B:C1:FB:6E:58","EHC TV","20:58:69:0C:6C:60","561850","18497","543353","112","3293","-72","25","g/n","30","11","N/A","Standard+Open","AUTHORIZED","vsz","2025/07/04 12:01:33"
"","Unknown","10.60.5.187/::","62:98:D0:FA:5B:3A","EHC TV","54:EC:2F:07:2A:80","10277561","498788","9778773","12789","250737","-92","12","N/A","60","157","N/A","Standard+Open","AUTHORIZED","vsz","2025/07/04 12:04:33"
"HONOR-Pad-X8","Unknown","10.20.1.132/::","62:BF:C2:44:D3:24","EHC TV","20:58:69:0C:77:30","3702245","150907","3551338","114","2704","-91","11","a/n/ac","20","100","N/A","Standard+Open","AUTHORIZED","vsz","2025/07/04 11:39:57"
"Samsung","Unknown","10.50.1.205/::","64:07:F6:75:FF:F4","EHC TV","B4:79:C8:0F:01:B0","833126046","30423876","802702170","446","11779","-86","14","a/n/ac","50","48","N/A","Standard+Open","AUTHORIZED","vsz","2025/07/03 17:09:38"
"Samsung","Unknown","10.40.3.67/::","64:07:F6:76:2A:66","EHC TV","84:23:88:1E:47:E0","8640052014","295868580","8344183434","6466","182366","-68","25","g/n","40","1","N/A","Standard+Open","AUTHORIZED","vsz","2025/07/03 12:39:23"
"Samsung","Unknown","10.40.3.166/::","64:07:F6:76:2E:4C","EHC TV","84:23:88:1E:46:30","3186701984","105336513","3081365471","2556","74770","-68","22","a/n/ac","40","60","N/A","Standard+Open","AUTHORIZED","vsz","2025/07/03 13:31:21"
"Samsung","Unknown","10.40.6.247/::","64:07:F6:76:40:9E","EHC TV","84:23:88:1E:49:80","10279256673","361886124","9917370549","9278","254271","-59","30","a/n/ac","40","60","N/A","Standard+Open","AUTHORIZED","vsz","2025/07/02 10:24:06"
"Samsung","Unknown","10.60.6.43/::","64:07:F6:76:40:A4","EHC TV","20:58:69:0C:87:80","2833041023","84788938","2748252085","1676","54348","-86","14","a/n/ac","60","36","N/A","Standard+Open","AUTHORIZED","vsz","2025/07/03 22:00:56"
"Samsung","Unknown","10.40.4.14/::","64:07:F6:76:4A:06","EHC TV","84:23:88:1E:46:30","1406805973","47197073","1359608900","788","22703","-69","20","a/n/ac","40","60","N/A","Standard+Open","AUTHORIZED","vsz","2025/07/03 19:27:07"
"Samsung","Unknown","10.40.5.253/::","64:07:F6:76:4B:72","EHC TV","C8:03:F5:34:4D:40","575379371","19795879","555583492","529","14862","-90","13","a/n/ac","40","36","N/A","Standard+Open","AUTHORIZED","vsz","2025/07/04 01:39:28"
"Samsung","Unknown","10.60.3.38/::","64:07:F6:76:4D:16","EHC TV","84:23:88:1E:4A:C0","2843803699","77467607","2766336092","1242","44356","-65","28","g/n","60","1","N/A","Standard+Open","AUTHORIZED","vsz","2025/07/03 18:44:10"
"Samsung","Unknown","10.40.7.190/::","64:07:F6:76:53:14","EHC TV","84:23:88:1E:46:50","1551011065","50348212","1500662853","2866","85425","-68","22","a/n/ac","40","48","N/A","Standard+Open","AUTHORIZED","vsz","2025/07/04 07:11:49"
"Samsung","Unknown","10.30.5.198/::","64:07:F6:76:57:AA","EHC TV","C8:03:F5:33:A5:50","1599899270","52571198","1547328072","4390","129234","-83","17","a/n/ac","30","40","N/A","Standard+Open","AUTHORIZED","vsz","2025/07/04 08:44:07"
"Samsung","Unknown","10.60.4.254/::","64:07:F6:76:57:D0","EHC TV","B4:79:C8:10:EE:30","196528573","5961072","190567501","386","12344","-69","28","g/n","60","11","N/A","Standard+Open","AUTHORIZED","vsz","2025/07/04 07:46:30"
"Samsung","Unknown","10.30.5.209/::","64:07:F6:76:80:DE","EHC TV","20:58:69:0C:75:20","225788202","8660854","217127348","4673","117176","-71","24","g/n","30","6","N/A","Standard+Open","AUTHORIZED","vsz","2025/07/04 11:33:05"
"Samsung","Unknown","10.30.6.36/::","64:07:F6:76:89:22","EHC TV","20:58:69:0C:6C:60","4334543245","104174719","4230368526","10892","442322","-71","26","g/n","30","11","N/A","Standard+Open","AUTHORIZED","vsz","2025/07/04 09:24:54"
"Samsung","Unknown","10.60.7.114/::","64:07:F6:76:8B:5C","EHC TV","B4:79:C8:10:DC:20","1386824637","47782902","1339041735","2185","61246","-72","24","g/n","60","6","N/A","Standard+Open","AUTHORIZED","vsz","2025/07/04 04:55:59"
"Samsung","Unknown","10.60.7.82/::","64:07:F6:76:B8:34","EHC TV","20:58:69:0C:7B:E0","2166710129","72528658","2094181471","64469","1861494","-62","33","g/n","60","11","N/A","Standard+Open","AUTHORIZED","vsz","2025/07/03 21:40:17"
"Samsung","Unknown","10.20.1.228/::","64:07:F6:76:C1:5E","EHC TV","20:58:69:0C:6F:C0","320905869","11329543","309576326","5384","147137","-84","11","g/n","20","11","N/A","Standard+Open","AUTHORIZED","vsz","2025/07/04 11:27:59"
"Samsung","Unknown","10.40.2.142/::","64:07:F6:76:DB:F2","EHC TV","84:23:88:1E:49:20","694771540","24011491","670760049","5700","159249","-67","22","a/n/ac","40","60","N/A","Standard+Open","AUTHORIZED","vsz","2025/07/04 10:52:25"
"Samsung","Unknown","10.40.4.0/::","64:07:F6:76:E9:1A","EHC TV","84:23:88:1E:4B:A0","3763748180","130004939","3633743241","2499","69868","-64","28","g/n","40","1","N/A","Standard+Open","AUTHORIZED","vsz","2025/07/03 21:35:26"
"Samsung","Unknown","10.60.5.139/::","64:07:F6:76:E9:1E","EHC TV","84:23:88:1E:4B:60","136659254","5786252","130873002","6962","157488","-74","16","a/n/ac","60","56","N/A","Standard+Open","AUTHORIZED","vsz","2025/07/04 11:49:47"
"Samsung","Unknown","10.40.1.10/::","64:07:F6:76:EB:0A","EHC TV","84:23:88:1E:45:50","1660404760","43721119","1616683641","326","12065","-71","22","g/n","40","6","N/A","Standard+Open","AUTHORIZED","vsz","2025/07/02 22:49:03"
"Samsung","Unknown","10.50.4.123/::","64:07:F6:76:EB:16","EHC TV","B4:79:C8:10:D8:B0","202221573","9448289","192773284","209","4272","-87","18","a/n/ac","50","36","N/A","Standard+Open","AUTHORIZED","vsz","2025/07/03 23:32:54"
"Samsung","Unknown","10.40.1.251/::","64:07:F6:76:EB:34","EHC TV","84:23:88:1E:49:F0","2384458165","70336557","2314121608","3032","99772","-82","9","a/n/ac","40","40","N/A","Standard+Open","AUTHORIZED","vsz","2025/07/03 19:41:22"
"Samsung","Unknown","10.40.4.2/::","64:07:F6:77:11:0A","EHC TV","84:23:88:1E:4B:E0","1018929779","54411419","964518360","2113","37457","-88","3","a/n/ac","40","44","N/A","Standard+Open","AUTHORIZED","vsz","2025/07/04 04:52:59"
"Samsung","Unknown","10.60.5.89/::","64:07:F6:77:16:4A","EHC TV","C8:03:F5:14:EA:D0","213432065","8230144","205201921","5564","138743","-61","38","a/n/ac","60","40","N/A","Standard+Open","AUTHORIZED","vsz","2025/07/04 11:39:42"
"Samsung","Unknown","10.20.1.254/::","64:07:F6:77:18:BC","EHC TV","60:D0:2C:29:68:A0","35735054","170503","35564551","5","1106","-96","12","a/n/ac","20","64","N/A","Standard+Open","AUTHORIZED","vsz","2025/07/04 03:07:49"
"Samsung","Unknown","10.90.2.52/::","64:07:F6:77:19:38","EHC TV","B4:79:C8:10:EA:B0","827242041","29038243","798203798","3887","106868","-73","23","g/n","90","11","N/A","Standard+Open","AUTHORIZED","vsz","2025/07/04 09:58:17"
"Samsung","Unknown","10.60.3.14/::","64:07:F6:77:24:96","EHC TV","C8:03:F5:34:1A:D0","788802","80314","708488","0","0","-72","24","N/A","60","1","N/A","Standard+Open","AUTHORIZED","vsz","2025/07/04 12:03:39"
"Samsung","Unknown","10.40.4.186/::","64:07:F6:88:9A:30","EHC TV","84:23:88:1E:46:30","5359118841","186308762","5172810079","4914","136446","-69","21","a/n/ac","40","60","N/A","Standard+Open","AUTHORIZED","vsz","2025/07/03 03:40:01"
"Samsung","Unknown","10.40.6.202/::","64:07:F6:88:AE:3E","EHC TV","84:23:88:1E:47:E0","2384160409","83148116","2301012293","5603","155065","-66","27","g/n","40","1","N/A","Standard+Open","AUTHORIZED","vsz","2025/07/04 05:43:11"
"Samsung","Unknown","10.60.2.42/::","64:07:F6:88:BF:3E","EHC TV","84:23:88:1E:4B:60","227759946","132721","227627225","3","6206","-62","31","g/n","60","1","N/A","Standard+Open","AUTHORIZED","vsz","2025/07/04 01:52:20"
"Samsung","Unknown","10.60.4.43/::","64:07:F6:89:44:26","EHC TV","54:EC:2F:07:46:40","47621525","1722098","45899427","5484","146176","-75","21","g/n","60","11","N/A","Standard+Open","AUTHORIZED","vsz","2025/07/04 11:57:58"
"Samsung","Unknown","10.60.4.105/::","64:07:F6:89:65:42","EHC TV","B4:79:C8:11:0A:F0","1027717117","16423777","1011293340","3537","217810","-80","16","g/n","60","6","N/A","Standard+Open","AUTHORIZED","vsz","2025/07/04 10:46:44"
"Samsung","Unknown","10.90.5.167/::","64:07:F6:89:6D:D8","EHC TV","B4:79:C8:10:D4:A0","12779166","1010699","11768467","4594","53493","-75","18","g/n","90","6","N/A","Standard+Open","AUTHORIZED","vsz","2025/07/04 11:59:38"
"Samsung","Unknown","10.40.6.125/::","64:07:F6:89:AA:1A","EHC TV","84:23:88:1E:45:F0","73292344","82053","73210291","3","2922","-63","27","a/n/ac","40","44","N/A","Standard+Open","AUTHORIZED","vsz","2025/07/04 05:07:28"
"Samsung","Unknown","10.20.0.39/::","64:07:F6:89:AA:4A","EHC TV","60:D0:2C:29:68:A0","37228781","577288","36651493","19","1223","-88","20","a/n/ac","20","64","N/A","Standard+Open","AUTHORIZED","vsz","2025/07/04 03:44:10"
"Samsung","Unknown","10.40.4.229/::","64:07:F6:89:AD:0C","EHC TV","84:23:88:1E:49:F0","4018125905","117625704","3900500201","2944","97624","-71","20","a/n/ac","40","40","N/A","Standard+Open","AUTHORIZED","vsz","2025/07/03 14:37:12"
"Samsung","Unknown","10.40.0.143/::","64:07:F6:89:AD:1E","EHC TV","84:23:88:1E:47:E0","5123785753","175263150","4948522603","122305","3453260","-75","18","g/n","40","1","N/A","Standard+Open","AUTHORIZED","vsz","2025/07/03 21:43:41"
"Samsung","Unknown","10.30.5.88/::","64:07:F6:89:AD:AA","EHC TV","C8:03:F5:33:C0:C0","943433310","34581568","908851742","4306","113182","-74","21","g/n","30","6","N/A","Standard+Open","AUTHORIZED","vsz","2025/07/04 09:49:47"
"Samsung","Unknown","10.40.7.162/::","64:07:F6:89:B6:62","EHC TV","84:23:88:1E:46:50","3454550","36944","3417606","34","3173","-77","13","a/n/ac","40","48","N/A","Standard+Open","AUTHORIZED","vsz","2025/07/04 11:44:19"
"Samsung","Unknown","10.100.3.198/::","64:07:F6:89:B8:4E","EHC TV","20:58:69:0C:A9:F0","1815467721","70501763","1744965958","1598","39553","-81","19","a/n/ac","100","36","N/A","Standard+Open","AUTHORIZED","vsz","2025/07/03 23:47:14"
"Samsung","Unknown","10.40.4.167/::","64:07:F6:89:D2:74","EHC TV","20:58:69:0C:73:60","4573685667","130257169","4443428498","4726","161221","-89","6","g/n","40","6","N/A","Standard+Open","AUTHORIZED","vsz","2025/07/04 04:23:38"
"Samsung","Unknown","10.40.3.50/::","64:07:F6:89:D2:76","EHC TV","84:23:88:1E:46:40","20374189179","672225788","19701963391","6183","181215","-77","13","a/n/ac","40","36","N/A","Standard+Open","AUTHORIZED","vsz","2025/07/01 07:06:12"
"Samsung","Unknown","10.60.5.190/::","64:07:F6:89:D3:86","EHC TV","B4:79:C8:10:D3:20","","","","","","","","N/A","60","","N/A","Standard+Open","AUTHORIZED","","2025/07/04 12:04:49"
"Samsung","Unknown","10.40.6.169/::","64:07:F6:89:DC:A4","EHC TV","84:23:88:1E:4B:E0","1759226341","49059771","1710166570","973","33937","-71","22","g/n","40","6","N/A","Standard+Open","AUTHORIZED","vsz","2025/07/03 22:02:18"
"Samsung","Unknown","10.30.3.7/::","64:07:F6:94:35:5A","EHC TV","C8:03:F5:33:A5:50","8083326301","261725282","7821601019","4091","122273","-73","27","a/n/ac","30","40","N/A","Standard+Open","AUTHORIZED","vsz","2025/07/03 18:17:33"
"Samsung","Unknown","10.60.5.221/::","64:07:F6:95:8B:40","EHC TV","20:58:69:24:8E:B0","8770246763","277831386","8492415377","2723","83258","-89","12","a/n/ac","60","56","N/A","Standard+Open","AUTHORIZED","vsz","2025/07/03 07:42:29"
"Samsung","Unknown","10.20.0.159/::","64:07:F6:95:94:0E","EHC TV","20:58:69:0C:8B:F0","1761245729","58438741","1702806988","6771","197312","-84","20","a/n/ac","20","64","N/A","Standard+Open","AUTHORIZED","vsz","2025/07/04 09:39:28"
"Samsung","Unknown","10.60.4.104/::","64:07:F6:95:AA:24","EHC TV","60:D0:2C:29:48:30","49519183","1397139","48122044","53736","1850847","-66","29","g/n","60","6","N/A","Standard+Open","AUTHORIZED","vsz","2025/07/04 11:57:59"
"iPhone","Unknown","10.30.4.8/::","64:48:42:95:67:CC","EHC TV","20:58:69:0C:75:20","39311","9922","29389","310","918","-86","9","g/n","30","6","N/A","Standard+Open","AUTHORIZED","vsz","2025/07/04 12:03:22"
"realme-9","Unknown","10.100.6.17/::","66:FB:E5:1D:DD:F2","EHC TV","20:58:69:0C:A1:A0","485","401","84","0","0","-77","17","g/n","100","11","N/A","Standard+Open","AUTHORIZED","vsz","2025/07/04 11:56:13"
"vivo-1820","Unknown","10.80.1.207/::","6C:1E:D7:C9:EB:D7","EHC TV","20:58:69:0C:6D:90","16871236","2939659","13931577","3150","14932","-77","17","g/n","80","11","N/A","Standard+Open","AUTHORIZED","vsz","2025/07/04 11:49:05"
"","Unknown","10.30.7.38/::","6E:0E:93:7F:5E:84","EHC TV","20:58:69:0C:B0:F0","889799961","62701065","827098896","7608","100363","-52","43","g/n","30","1","N/A","Standard+Open","AUTHORIZED","vsz","2025/07/04 09:16:35"
"S24-Ultra-alkhas-b-rynad","Unknown","10.20.1.64/::","6E:B4:1E:7A:D2:5A","EHC TV","20:58:69:0C:78:30","43341812","2456441","40885371","5933","98756","-76","17","g/n","20","6","N/A","Standard+Open","AUTHORIZED","vsz","2025/07/04 10:40:53"
"S24-Ultra-alkhas-b-mhmd-tarq","Unknown","10.60.5.138/::","6E:C3:B0:FA:09:EE","EHC TV","B4:79:C8:10:E3:D0","92870806","3343392","89527414","218","5851","-80","20","a/n/ac","60","104","N/A","Standard+Open","AUTHORIZED","vsz","2025/07/04 07:49:48"
"Galaxy-A55-5G","Unknown","10.60.6.220/::","6E:E1:4C:09:63:15","EHC TV","B4:79:C8:10:E3:D0","4074400","80469","3993931","114","5665","-81","14","g/n","60","6","N/A","Standard+Open","AUTHORIZED","vsz","2025/07/04 08:41:53"
"HONOR-Pad-9","Unknown","10.90.5.159/::","72:33:A9:67:5F:DD","EHC TV","B4:79:C8:10:E0:E0","1724716","225659","1499057","641","4258","-78","19","g/n","90","1","N/A","Standard+Open","AUTHORIZED","vsz","2025/07/04 11:54:27"
"S24-Ultra-alkhas-b-am-nsym","Unknown","10.20.0.75/::","72:A2:8D:30:C1:80","EHC TV","C8:03:F5:33:AC:B0","78487913","4696988","73790925","2767","43483","-94","9","a/n/ac","20","112","N/A","Standard+Open","AUTHORIZED","vsz","2025/07/04 11:35:11"
"","Unknown","10.60.1.44/::","74:F2:FA:88:01:3B","EHC TV","C8:03:F5:14:DA:60","140201272","2284781","137916491","95","5760","-66","30","g/n","60","11","N/A","Standard+Open","AUTHORIZED","vsz","2025/07/04 05:24:24"
"Redmi-Note-11","Unknown","10.50.7.207/::","7A:C3:E2:DD:DC:DD","EHC TV","B4:79:C8:10:DF:D0","159942572","34888472","125054100","1345","4821","-76","19","g/n","50","1","N/A","Standard+Open","AUTHORIZED","vsz","2025/07/04 04:49:59"
"Galaxy-A14","Unknown","10.30.4.65/::","7E:05:10:9B:43:AD","EHC TV","20:58:69:0C:6A:00","4452283","1018440","3433843","67","226","-74","19","g/n","30","6","N/A","Standard+Open","AUTHORIZED","vsz","2025/07/04 07:50:32"
"","Unknown","10.20.0.51/::","7E:48:13:B5:41:D6","EHC TV","C8:03:F5:33:AC:B0","140","56","84","0","0","-83","12","g/n","20","6","N/A","Standard+Open","AUTHORIZED","vsz","2025/07/04 11:58:14"
"Mostafa-s-Tab-A9","Unknown","10.30.6.41/::","7E:4C:97:C6:D1:98","EHC TV","C8:03:F5:33:A5:50","58774355","3220930","55553425","5572","96113","-89","6","g/n","30","1","N/A","Standard+Open","AUTHORIZED","vsz","2025/07/04 11:54:03"
"Galaxy-A22-5G","Unknown","10.60.3.130/::","7E:63:B2:A2:DB:AB","EHC TV","B4:79:C8:10:F8:40","47467786","706302","46761484","88","5871","-84","11","g/n","60","6","N/A","Standard+Open","AUTHORIZED","vsz","2025/07/04 09:51:21"
"Galaxy-A34-5G","Unknown","10.50.0.230/::","7E:CC:6B:91:9C:19","EHC TV","C8:03:F5:33:EA:E0","53044419","13323","53031096","0","771","-90","11","a/n/ac","50","112","N/A","Standard+Open","AUTHORIZED","vsz","2025/07/03 16:59:58"
"realme-C25Y","Unknown","10.80.0.153/::","7E:FA:96:8C:20:8F","EHC TV","70:CA:97:25:BD:40","1193852","9745","1184107","21","2666","-69","28","g/n","80","11","N/A","Standard+Open","AUTHORIZED","vsz","2025/07/04 11:55:23"
"Samsung","Unknown","10.20.1.40/::","80:47:86:66:CA:0C","EHC TV","60:D0:2C:29:68:A0","169586402","7437665","162148737","2425","52868","-91","17","a/n/ac","20","64","N/A","Standard+Open","AUTHORIZED","vsz","2025/07/04 11:12:25"
"Samsung","Unknown","10.20.0.209/::","80:47:86:67:2F:98","EHC TV","20:58:69:0C:8B:F0","2251244221","81712544","2169531677","2489","66109","-95","9","a/n/ac","20","64","N/A","Standard+Open","AUTHORIZED","vsz","2025/07/04 02:56:21"
"Samsung","Unknown","10.30.7.145/::","80:47:86:67:8B:5A","EHC TV","C8:03:F5:33:9C:60","40902267","2287112","38615155","3158","53335","-94","7","a/n/ac","30","56","N/A","Standard+Open","AUTHORIZED","vsz","2025/07/04 11:51:29"
"Samsung","Unknown","10.60.2.50/::","80:47:86:72:F8:B4","EHC TV","C8:03:F5:33:AE:B0","6525598","300087","6225511","252","5240","-75","21","g/n","60","11","N/A","Standard+Open","AUTHORIZED","vsz","2025/07/04 11:42:02"
"Samsung","Unknown","10.30.2.220/::","80:47:86:72:F9:F2","EHC TV","C8:03:F5:33:A9:00","19371104695","644541634","18726563061","6924","201196","-63","33","g/n","30","1","N/A","Standard+Open","AUTHORIZED","vsz","2025/07/03 01:54:48"
"Samsung","Unknown","10.20.1.107/::","80:47:86:73:08:A4","EHC TV","C8:03:F5:34:1B:00","19566167","72008","19494159","3","1040","-66","30","g/n","20","11","N/A","Standard+Open","AUTHORIZED","vsz","2025/07/04 06:51:32"
"Samsung","Unknown","10.50.7.138/::","80:47:86:73:19:22","EHC TV","B4:79:C8:10:DF:D0","219889","45533","174356","989","3790","-72","23","g/n","50","1","N/A","Standard+Open","AUTHORIZED","vsz","2025/07/04 12:04:29"
"iPhone","Unknown","10.20.0.52/::","80:96:98:A5:CA:2D","EHC TV","B4:79:C8:10:D4:60","17074874","681765","16393109","3645","87663","-87","9","g/n","20","11","N/A","Standard+Open","AUTHORIZED","vsz","2025/07/04 11:59:48"
"Redmi-13C","Unknown","10.30.7.27/::","82:77:F1:A1:87:77","EHC TV","20:58:69:0C:75:30","6783","3627","3156","17","15","-75","20","g/n","30","6","N/A","Standard+Open","AUTHORIZED","vsz","2025/07/04 11:58:13"
"A13-alkhas-b-Refah","Unknown","10.40.3.86/::","82:C9:33:D0:7E:40","EHC TV","84:23:88:1E:49:F0","0","0","0","0","0","0","0","a/n/ac","40","40","N/A","Standard+Open","AUTHORIZED","vsz","2025/07/04 11:59:31"
"Redmi-13C-5G","Unknown","10.80.0.128/::","82:F5:14:60:27:F4","EHC TV","70:CA:97:25:BD:70","220501014","6169206","214331808","12463","432993","-69","26","g/n","80","6","N/A","Standard+Open","AUTHORIZED","vsz","2025/07/04 11:44:39"
"","Android","10.90.5.9/::","84:7A:B6:5A:14:3C","EHC TV","B4:79:C8:10:D9:20","1456817","35703","1421114","83","3312","-66","28","g/n","90","6","N/A","Standard+Open","AUTHORIZED","vsz","2025/07/04 11:56:35"
"","Android","10.90.1.83/::","84:7A:B6:5A:14:96","EHC TV","B4:79:C8:10:E3:30","6766469","164512","6601957","87","3522","-69","28","g/n","90","11","N/A","Standard+Open","AUTHORIZED","vsz","2025/07/04 11:31:13"
"","Android","10.90.2.88/::","84:7A:B6:5A:14:B3","EHC TV","B4:79:C8:11:04:D0","46135926","2038093","44097833","1837","39763","-69","27","g/n","90","6","N/A","Standard+Open","AUTHORIZED","vsz","2025/07/04 11:46:00"
"","Android","10.100.7.106/::","84:7A:B6:5A:14:BD","EHC TV","20:58:69:0C:AF:00","860758651","27067925","833690726","4169","128418","-71","25","g/n","100","1","N/A","Standard+Open","AUTHORIZED","vsz","2025/07/04 10:16:06"
"","Android","10.90.4.214/::","84:7A:B6:5A:15:AF","EHC TV","B4:79:C8:10:D4:80","1277690402","38779060","1238911342","9877","315565","-56","40","g/n","90","1","N/A","Standard+Open","AUTHORIZED","vsz","2025/07/04 10:20:01"
"","Android","10.100.6.184/::","84:7A:B6:5A:15:DE","EHC TV","20:58:69:0C:7A:B0","2183846692","64638074","2119208618","5848","191748","-68","28","g/n","100","11","N/A","Standard+Open","AUTHORIZED","vsz","2025/07/04 08:59:29"
"","Android","10.60.3.139/::","84:7A:B6:5A:15:E2","EHC TV","54:EC:2F:07:46:40","895980655","31287738","864692917","4262","117805","-73","23","g/n","60","11","N/A","Standard+Open","AUTHORIZED","vsz","2025/07/04 09:55:58"
"","Android","10.100.4.97/::","84:7A:B6:5A:15:F7","EHC TV","20:58:69:0C:AF:60","612213","344461","267752","68","53","-77","18","g/n","100","11","N/A","Standard+Open","AUTHORIZED","vsz","2025/07/04 10:41:14"
"","Android","10.50.4.108/::","84:7A:B6:5A:16:12","EHC TV","54:EC:2F:06:E9:60","2874202587","79711089","2794491498","3556","124681","-62","35","g/n","50","11","N/A","Standard+Open","AUTHORIZED","vsz","2025/07/04 05:51:30"
"","Android","10.60.5.189/::","84:7A:B6:5A:16:2A","EHC TV","60:D0:2C:29:48:30","","","","","","","","N/A","60","","N/A","Standard+Open","AUTHORIZED","","2025/07/04 12:03:32"
"","Android","10.90.4.183/::","84:7A:B6:5A:16:40","EHC TV","B4:79:C8:10:E8:40","123653265","4387708","119265557","2990","81298","-69","29","g/n","90","11","N/A","Standard+Open","AUTHORIZED","vsz","2025/07/04 09:58:18"
"","Android","10.60.3.96/::","84:7A:B6:5A:16:66","EHC TV","C8:03:F5:33:B1:00","602980946","20103375","582877571","2963","85932","-68","28","g/n","60","6","N/A","Standard+Open","AUTHORIZED","vsz","2025/07/04 10:11:58"
"","Android","10.20.1.253/::","84:7A:B6:5A:16:E8","EHC TV","C8:03:F5:33:A7:F0","90529068","3730433","86798635","4248","98859","-68","29","g/n","20","1","N/A","Standard+Open","AUTHORIZED","vsz","2025/07/04 11:49:23"
"","Android","10.100.1.115/::","84:7A:B6:5A:16:F8","EHC TV","20:58:69:0C:B3:10","684693614","21792553","662901061","681","20715","-61","35","g/n","100","6","N/A","Standard+Open","AUTHORIZED","vsz","2025/07/04 03:10:50"
"","Android","10.90.0.214/::","84:7A:B6:5A:17:72","EHC TV","B4:79:C8:11:04:D0","3910326","2135169","1775157","62","51","-76","20","g/n","90","6","N/A","Standard+Open","AUTHORIZED","vsz","2025/07/04 02:31:10"
"","Android","10.90.3.157/::","84:7A:B6:5A:18:1A","EHC TV","20:58:69:0C:92:30","3027771554","86946226","2940825328","4965","167960","-63","35","g/n","90","11","N/A","Standard+Open","AUTHORIZED","vsz","2025/07/04 07:11:27"
"","Android","10.90.5.120/::","84:7A:B6:5A:18:65","EHC TV","B4:79:C8:10:D6:50","30385838","1176273","29209565","0","0","-66","31","N/A","90","1","N/A","Standard+Open","AUTHORIZED","vsz","2025/07/04 12:01:17"
"","Android","10.90.4.237/::","84:7A:B6:5A:18:86","EHC TV","B4:79:C8:10:D9:20","712913689","24108048","688805641","4245","121289","-52","42","g/n","90","6","N/A","Standard+Open","AUTHORIZED","vsz","2025/07/04 10:29:03"
"","Android","10.90.6.94/::","84:7A:B6:5A:18:A2","EHC TV","B4:79:C8:10:DE:E0","12016896","6650495","5366401","59","47","-58","38","g/n","90","11","N/A","Standard+Open","AUTHORIZED","vsz","2025/07/03 03:06:44"
"","Android","10.30.3.189/::","84:7A:B6:5A:18:CB","EHC TV","20:58:69:0C:A4:A0","1116262186","44341412","1071920774","4650","112431","-71","23","g/n","30","1","N/A","Standard+Open","AUTHORIZED","vsz","2025/07/04 09:25:50"
"","Android","10.100.2.143/::","84:7A:B6:5A:19:15","EHC TV","20:58:69:0C:B3:10","1823605530","47820500","1775785030","1116","41465","-64","32","g/n","100","6","N/A","Standard+Open","AUTHORIZED","vsz","2025/07/04 00:10:23"
"","Android","10.100.0.48/::","84:7A:B6:5A:19:49","EHC TV","20:58:69:0C:AF:60","140264334","5527276","134737058","2521","61467","-69","26","g/n","100","11","N/A","Standard+Open","AUTHORIZED","vsz","2025/07/04 11:23:13"
"","Android","10.50.1.62/::","84:7A:B6:5A:19:F3","EHC TV","B4:79:C8:10:E5:D0","4572729847","128102248","4444627599","1841","63906","-62","34","g/n","50","1","N/A","Standard+Open","AUTHORIZED","vsz","2025/07/03 16:45:40"
"","Android","10.30.5.137/::","84:7A:B6:BC:85:B3","EHC TV","20:58:69:0C:6B:B0","4692307","2094592","2597715","66","81","-73","25","g/n","30","1","N/A","Standard+Open","AUTHORIZED","vsz","2025/07/04 03:14:33"
"TECNO-SPARK-Go-2024","Unknown","10.80.1.229/::","86:A6:B3:45:B3:61","EHC TV","C8:03:F5:33:C2:D0","1341328","512593","828735","121","195","-63","35","g/n","80","11","N/A","Standard+Open","AUTHORIZED","vsz","2025/07/04 10:50:25"
"realme-C55-blwtwth","Unknown","10.60.0.201/::","86:BA:58:E3:DB:FB","EHC TV","C8:03:F5:14:C3:C0","129109472","12247804","116861668","612","5839","-71","26","g/n","60","11","N/A","Standard+Open","AUTHORIZED","vsz","2025/07/04 06:30:55"
"POCO-M4-Pro","Unknown","10.40.3.107/::","86:BE:52:FF:BD:E4","EHC TV","84:23:88:1E:4C:C0","0","0","0","0","0","0","0","a/n/ac","40","161","N/A","Standard+Open","AUTHORIZED","vsz","2025/07/04 12:05:00"
"Samsung","Unknown","10.100.2.192/::","8C:79:F5:82:FB:F1","EHC TV","20:58:69:0C:86:B0","1173623","911383","262240","182","52","-80","16","g/n","100","11","N/A","Standard+Open","AUTHORIZED","vsz","2025/07/04 03:26:53"
"Samsung","Unknown","10.100.3.159/::","8C:79:F5:83:99:DB","EHC TV","20:58:69:0C:86:C0","397342527","15235905","382106622","6262","157051","-71","22","g/n","100","6","N/A","Standard+Open","AUTHORIZED","vsz","2025/07/04 11:11:42"
"OmarisSuccess","Unknown","10.60.7.242/::","8C:C6:81:E2:E5:78","EHC TV","C8:03:F5:14:E5:E0","7968054","1408610","6559444","1549","7216","-69","27","g/n","60","6","N/A","Standard+Open","AUTHORIZED","vsz","2025/07/03 12:58:09"
"Samsung","Unknown","10.60.3.216/::","8C:EA:48:6D:21:22","EHC TV","B4:79:C8:10:D3:20","1391314167","65427491","1325886676","10001","202672","-91","10","a/n/ac","60","48","N/A","Standard+Open","AUTHORIZED","vsz","2025/07/04 10:14:30"
"Samsung","Unknown","10.60.2.74/::","8C:EA:48:6D:26:9E","EHC TV","20:58:69:0C:87:80","56129166","804081","55325085","101","6949","-94","6","a/n/ac","60","36","N/A","Standard+Open","AUTHORIZED","vsz","2025/07/04 09:51:11"
"Samsung","Unknown","10.40.2.200/::","8C:EA:48:6D:41:5E","EHC TV","84:23:88:1E:4B:E0","11126317813","395207223","10731110590","15901","431765","-84","7","a/n/ac","40","44","N/A","Standard+Open","AUTHORIZED","vsz","2025/07/02 00:24:02"
"Samsung","Unknown","10.40.2.119/::","8C:EA:48:6D:43:CE","EHC TV","84:23:88:1E:49:20","15818529","278150","15540379","62","3465","-60","29","a/n/ac","40","60","N/A","Standard+Open","AUTHORIZED","vsz","2025/07/04 10:47:48"
"Samsung","Unknown","10.40.6.107/::","8C:EA:48:6D:43:DC","EHC TV","84:23:88:1E:4B:E0","71919938","275089","71644849","10","2781","-60","33","g/n","40","6","N/A","Standard+Open","AUTHORIZED","vsz","2025/07/04 04:55:49"
"Samsung","Unknown","10.60.7.109/::","8C:EA:48:79:A7:E4","EHC TV","C8:03:F5:14:C7:E0","355843258","10485773","345357485","227","7508","-89","16","a/n/ac","60","48","N/A","Standard+Open","AUTHORIZED","vsz","2025/07/03 23:16:47"
"Samsung","Unknown","10.40.2.19/::","8C:EA:48:79:EA:F2","EHC TV","84:23:88:1E:49:80","3785629606","114063003","3671566603","3114","100247","-67","22","a/n/ac","40","60","N/A","Standard+Open","AUTHORIZED","vsz","2025/07/04 01:54:49"
"Samsung","Unknown","10.60.4.115/::","8C:EA:48:79:F4:BE","EHC TV","20:58:69:0C:87:80","2779006004","89160150","2689845854","2605","78604","-93","7","a/n/ac","60","36","N/A","Standard+Open","AUTHORIZED","vsz","2025/07/04 02:33:32"
"Samsung","Unknown","10.40.4.10/::","8C:EA:48:7A:04:E2","EHC TV","20:58:69:0C:7A:A0","1593255071","38318618","1554936453","277","11253","-84","10","g/n","40","11","N/A","Standard+Open","AUTHORIZED","vsz","2025/07/02 21:41:21"
"Samsung","Unknown","10.30.5.247/::","8C:EA:48:7A:A5:46","EHC TV","C8:03:F5:33:A9:00","1250731427","46949101","1203782326","4325","110917","-78","18","g/n","30","1","N/A","Standard+Open","AUTHORIZED","vsz","2025/07/04 09:02:49"
"","Unknown","10.90.3.90/::","8E:84:48:0C:AC:EC","EHC TV","20:58:69:0C:98:40","0","0","0","0","0","0","0","a/n/ac","90","108","N/A","Standard+Open","AUTHORIZED","vsz","2025/07/04 11:53:39"
"","Unknown","10.20.0.181/::","8E:9B:0F:3C:A1:38","EHC TV","8C:FE:74:00:DC:E0","628424","36084","592340","106","1742","-80","16","g/n","20","1","N/A","Standard+Open","AUTHORIZED","vsz","2025/07/04 11:25:02"
"Redmi8-Redmi12345678","Android","10.80.0.187/::","90:78:B2:7F:EF:35","EHC TV","70:CA:97:25:BD:70","51315","13804","37511","0","0","-72","24","N/A","80","6","N/A","Standard+Open","AUTHORIZED","vsz","2025/07/04 11:39:49"
"Galaxy-A15-5G","Unknown","10.60.5.186/::","92:50:A9:2B:2A:81","EHC TV","B4:79:C8:11:0A:F0","52679238","10246415","42432823","1868","7737","-83","13","g/n","60","6","N/A","Standard+Open","AUTHORIZED","vsz","2025/07/04 10:32:44"
"alkhas-b-mhmd-A54","Unknown","10.50.7.19/::","92:5D:95:CE:16:E5","EHC TV","B4:79:C8:10:DF:D0","22287388","1256932","21030456","75","1257","-69","26","g/n","50","1","N/A","Standard+Open","AUTHORIZED","vsz","2025/07/04 07:26:34"
"S24-Ultra-alkhas-b-Aburakan","Unknown","10.90.1.159/::","92:62:24:53:9F:A3","EHC TV","B4:79:C8:10:D4:A0","2672636","846481","1826155","1235","2665","-67","26","g/n","90","6","N/A","Standard+Open","AUTHORIZED","vsz","2025/07/04 11:51:55"
"Redmi-12","Unknown","10.100.7.40/::","92:A2:4A:CA:E7:7D","EHC TV","20:58:69:0C:B0:80","30108443","3590613","26517830","1303","9628","-82","21","a/n/ac","100","112","N/A","Standard+Open","AUTHORIZED","vsz","2025/07/04 11:18:22"
"Tab-S9-FE-alkhas-b-am-nsym","Unknown","10.20.1.220/::","92:B5:39:11:B8:BC","EHC TV","C8:03:F5:33:AC:B0","2307268","206688","2100580","149","1524","-74","22","g/n","20","6","N/A","Standard+Open","AUTHORIZED","vsz","2025/07/04 11:20:48"
"Redmi-Note-12","Unknown","10.60.1.159/::","92:C2:3B:AE:06:D2","EHC TV","20:58:69:0C:81:B0","47120868","3327498","43793370","7233","95202","-84","17","a/n/ac","60","100","N/A","Standard+Open","AUTHORIZED","vsz","2025/07/04 11:55:27"
"realme-12-Pro-5G","Unknown","10.80.0.20/::","92:F3:25:11:4A:4C","EHC TV","C8:03:F5:33:DE:60","25520513","8012180","17508333","6918","15119","-79","18","g/n","80","1","N/A","Standard+Open","AUTHORIZED","vsz","2025/07/04 11:45:13"
"Redmi-10A","Unknown","10.40.2.146/::","94:D3:31:29:9E:09","EHC TV","84:23:88:1E:4D:C0","22932495","3503623","19428872","884","4903","-73","20","g/n","40","6","N/A","Standard+Open","AUTHORIZED","vsz","2025/07/04 10:56:24"
"Redmi-Note-13-Pro-5G","Unknown","10.80.7.128/::","96:99:0B:35:0A:64","EHC TV","84:23:88:1E:4C:90","912937370","43043659","869893711","2556","51662","-64","27","a/n/ac","80","44","N/A","Standard+Open","AUTHORIZED","vsz","2025/07/04 07:14:37"
"A35-alkhas-b-am-samr","Unknown","10.90.5.32/::","96:C9:93:8E:8B:FE","EHC TV","20:58:69:0C:92:30","60938671","4156662","56782009","1030","14072","-81","19","a/n/ac","90","60","N/A","Standard+Open","AUTHORIZED","vsz","2025/07/04 10:56:02"
"iPhone","Unknown","10.60.7.64/::","96:E6:6F:33:6E:C7","EHC TV","54:EC:2F:07:2A:80","31282","12874","18408","2574","3681","-94","10","N/A","60","157","N/A","Standard+Open","AUTHORIZED","vsz","2025/07/04 12:05:22"
"OPPO-A3x","Unknown","10.80.7.113/::","96:FE:99:AA:4A:D6","EHC TV","C8:03:F5:33:DE:60","3458152","385355","3072797","505","4027","-89","11","a/n/ac","80","56","N/A","Standard+Open","AUTHORIZED","vsz","2025/07/04 11:51:49"
"","Unknown","10.40.3.33/::","98:F6:21:6B:9E:64","EHC TV","B4:79:C8:10:F4:70","25077221","1426301","23650920","13583","225246","-83","17","a/n/ac","40","108","N/A","Standard+Open","AUTHORIZED","vsz","2025/07/04 12:02:27"
"A54-alkhas-b-mhmd","Unknown","10.90.2.107/::","9A:33:4A:CF:AB:CD","EHC TV","B4:79:C8:10:D4:A0","314587824","22630648","291957176","705","9107","-72","21","g/n","90","6","N/A","Standard+Open","AUTHORIZED","vsz","2025/07/04 03:08:59"
"","Unknown","10.90.2.214/::","9A:57:1C:21:33:FD","EHC TV","20:58:69:0C:98:40","2736906","359476","2377430","524","3465","-79","18","g/n","90","11","N/A","Standard+Open","AUTHORIZED","vsz","2025/07/04 06:23:42"
"Galaxy-Tab-S9-FE","Unknown","10.20.1.161/::","9A:AA:F3:4E:83:02","EHC TV","B4:79:C8:11:06:40","945061","12286","932775","18","1379","-92","16","a/n/ac","20","48","N/A","Standard+Open","AUTHORIZED","vsz","2025/07/04 11:52:36"
"A34-alkhas-b-tysyr-nshat","Unknown","10.20.0.216/::","9A:F5:97:C6:96:FA","EHC TV","20:58:69:0C:7A:70","701847299","83584042","618263257","12207","90296","-68","26","g/n","20","1","N/A","Standard+Open","AUTHORIZED","vsz","2025/07/04 10:07:26"
"iPad-98","Unknown","10.60.2.187/::","9C:58:84:C5:49:48","EHC TV","8C:FE:74:04:24:10","18524567","2993659","15530908","3818","19809","-85","15","a/n/ac","60","56","N/A","Standard+Open","AUTHORIZED","vsz","2025/07/04 11:50:02"
"IOS","Unknown","10.30.6.62/::","9C:60:76:C1:16:A0","EHC TV","C8:03:F5:33:AB:20","9586047","1502183","8083864","9447","50841","-65","34","a/n/ac","30","124","N/A","Standard+Open","AUTHORIZED","vsz","2025/07/04 11:52:55"
"","Unknown","10.20.1.165/::","9E:26:5E:28:D5:5D","EHC TV","20:58:69:0C:77:20","","","","","","","","N/A","20","","N/A","Standard+Open","AUTHORIZED","","2025/07/04 12:03:56"
"Galaxy-A32","Unknown","10.30.5.98/::","9E:3B:6C:E7:66:23","EHC TV","20:58:69:0C:6C:90","14137311","5338657","8798654","144","238","-71","24","g/n","30","11","N/A","Standard+Open","AUTHORIZED","vsz","2025/07/04 01:49:35"
"HUAWEI_Y7_Prime_2018-967a","Android","10.80.0.186/::","A0:57:E3:8E:3D:B2","EHC TV","C8:03:F5:33:DE:60","147105","28","147077","0","2131","-36","58","N/A","80","1","N/A","Standard+Open","AUTHORIZED","vsz","2025/07/04 12:02:25"
"abeer-s-A15","Unknown","10.60.4.85/::","A2:63:8C:A4:00:4B","EHC TV","20:58:69:0C:87:80","80683564","2065786","78617778","2334","88833","-70","25","g/n","60","11","N/A","Standard+Open","AUTHORIZED","vsz","2025/07/04 11:49:07"
"Galaxy-A15-5G","Unknown","10.40.6.224/::","A2:D6:07:83:1E:42","EHC TV","84:23:88:1E:4C:C0","11644321","602012","11042309","218","3999","-75","18","g/n","40","1","N/A","Standard+Open","AUTHORIZED","vsz","2025/07/04 11:19:13"
"OnePlus-NordCE-5G","Unknown","10.90.4.212/::","A2:F8:AF:8B:2A:A0","EHC TV","70:CA:97:25:A0:B0","6987113","597226","6389887","372","3986","-74","21","g/n","90","1","N/A","Standard+Open","AUTHORIZED","vsz","2025/07/04 11:35:16"
"iPhone","Unknown","10.60.0.137/::","A4:F8:41:9C:DB:D5","EHC TV","20:58:69:24:8E:B0","718019","30254","687765","657","14951","-85","9","N/A","60","11","N/A","Standard+Open","AUTHORIZED","vsz","2025/07/04 12:05:23"
"iPhone","Unknown","10.60.6.121/::","A4:F8:41:A6:23:48","EHC TV","C8:03:F5:14:C7:E0","0","0","0","0","0","0","0","a/n/ac","60","48","N/A","Standard+Open","AUTHORIZED","vsz","2025/07/04 12:00:41"
"iPhone","Unknown","10.90.1.169/::","A4:F8:41:B0:53:F4","EHC TV","20:58:69:0C:98:40","1867981","168966","1699015","385","3879","-82","15","g/n","90","11","N/A","Standard+Open","AUTHORIZED","vsz","2025/07/04 11:57:44"
"hsn","Unknown","10.40.2.194/::","A4:F8:41:E8:E3:04","EHC TV","84:23:88:1E:49:E0","","","","","","","","N/A","40","","N/A","Standard+Open","AUTHORIZED","","2025/07/04 12:04:23"
"iPhone","Unknown","10.100.4.68/::","A6:0C:1A:53:C3:11","EHC TV","20:58:69:0C:86:70","127679575","4972000","122707575","7533","185920","-90","11","a/n/ac","100","48","N/A","Standard+Open","AUTHORIZED","vsz","2025/07/04 11:45:11"
"realme-7-Pro","Unknown","10.80.1.200/::","A6:B7:D2:DF:2B:03","EHC TV","C8:03:F5:33:C5:A0","55609995","3228160","52381835","7221","117185","-58","39","g/n","80","11","N/A","Standard+Open","AUTHORIZED","vsz","2025/07/04 11:46:45"
"Redmi-12","Unknown","10.100.3.102/::","A6:C0:45:6F:07:7B","EHC TV","20:58:69:0C:6A:F0","62538250","2277950","60260300","5177","136955","-74","21","g/n","100","6","N/A","Standard+Open","AUTHORIZED","vsz","2025/07/04 11:35:58"
"Redmi-A5","Unknown","10.90.2.222/::","A8:2B:D5:8F:A4:72","EHC TV","B4:79:C8:10:DF:10","512164652","31696199","480468453","4250","64431","-82","13","g/n","90","6","N/A","Standard+Open","AUTHORIZED","vsz","2025/07/04 07:34:56"
"bdallh","Unknown","10.60.1.54/::","A8:9C:78:6D:EC:3C","EHC TV","C8:03:F5:33:AE:B0","0","0","0","0","0","0","0","N/A","60","64","N/A","Standard+Open","AUTHORIZED","vsz","2025/07/04 12:03:52"
"","Unknown","10.100.0.130/::","AA:6F:5D:66:39:5C","EHC TV","20:58:69:0C:A2:D0","36360873","2379473","33981400","4906","70064","-83","11","N/A","100","11","N/A","Standard+Open","AUTHORIZED","vsz","2025/07/04 12:04:40"
"","Unknown","10.30.2.55/::","AE:00:4D:C3:7A:4D","EHC TV","C8:03:F5:33:A9:00","458742133","30437876","428304257","1260","17733","-80","16","g/n","30","1","N/A","Standard+Open","AUTHORIZED","vsz","2025/07/04 05:16:32"
"Galaxy-A55-5G","Unknown","10.60.5.11/::","AE:19:A7:12:05:46","EHC TV","C8:03:F5:14:C7:A0","15467141","2830053","12637088","3586","16016","-76","19","g/n","60","1","N/A","Standard+Open","AUTHORIZED","vsz","2025/07/04 11:24:21"
"A54-alkhas-b-Anas","Unknown","10.60.7.183/::","AE:B5:BE:73:4A:FE","EHC TV","20:58:69:24:8E:B0","379040107","13553083","365487024","650","17552","-90","11","a/n/ac","60","56","N/A","Standard+Open","AUTHORIZED","vsz","2025/07/04 05:55:16"
"OnePlus-Nord-N20-SE","Unknown","10.80.0.236/::","B2:73:26:D5:47:F1","EHC TV","70:CA:97:25:BD:40","1432321","37585","1394736","70","2616","-76","21","g/n","80","11","N/A","Standard+Open","AUTHORIZED","vsz","2025/07/04 11:53:53"
"Galaxy-A31","Unknown","10.60.6.8/::","B2:E7:54:2F:75:54","EHC TV","C8:03:F5:33:AE:B0","11150987","500940","10650047","419","8927","-76","20","g/n","60","11","N/A","Standard+Open","AUTHORIZED","vsz","2025/07/04 11:43:14"
"DESKTOP-BE07UKK","Windows (Mobile) 8/8.1/10","10.80.3.61/::","B4:8C:9D:9A:08:2D","EHC TV","70:CA:97:25:BD:40","5512510","509766","5002744","0","0","-70","27","N/A","80","11","N/A","Standard+Open","AUTHORIZED","vsz","2025/07/04 11:53:37"
"","Android","10.100.2.197/::","B4:AD:A3:B4:D4:1E","EHC TV","20:58:69:0C:B0:80","1526451725","46113327","1480338398","7099","227919","-59","38","g/n","100","1","N/A","Standard+Open","AUTHORIZED","vsz","2025/07/04 10:16:01"
"","Android","10.60.2.244/::","B4:FB:E3:A2:3D:07","EHC TV","C8:03:F5:14:E5:E0","1546729817","46523318","1500206499","1414","45621","-64","32","g/n","60","6","N/A","Standard+Open","AUTHORIZED","vsz","2025/07/04 02:55:23"
"HONOR-X6b","Unknown","10.100.0.15/::","B6:09:DA:72:99:95","EHC TV","20:58:69:0C:6D:B0","76945457","4461903","72483554","1703","27665","-76","25","a/n/ac","100","112","N/A","Standard+Open","AUTHORIZED","vsz","2025/07/04 11:21:00"
"Galaxy-A15-5G","Unknown","10.20.1.97/::","B6:4F:0E:AA:B0:90","EHC TV","C8:03:F5:33:A7:F0","134950","54221","80729","1260","1877","-76","26","a/n/ac","20","116","N/A","Standard+Open","AUTHORIZED","vsz","2025/07/04 12:03:04"
"M2010J19SI","Unknown","10.80.0.180/::","B8:94:E7:2D:B7:38","EHC TV","70:CA:97:25:BD:70","44642880","1676908","42965972","4710","120690","-84","17","a/n/ac","80","56","N/A","Standard+Open","AUTHORIZED","vsz","2025/07/04 11:57:17"
"Samsung","Unknown","10.60.2.155/::","B8:BC:5B:49:0C:7B","EHC TV","60:D0:2C:29:48:30","9514496","353062","9161434","1135","29457","-78","18","g/n","60","6","N/A","Standard+Open","AUTHORIZED","vsz","2025/07/04 12:04:22"
"Samsung","Unknown","10.30.5.42/::","B8:BC:5B:49:0C:CB","EHC TV","20:58:69:0C:97:A0","149165823","1010391","148155432","59","8700","-76","19","g/n","30","1","N/A","Standard+Open","AUTHORIZED","vsz","2025/07/03 23:38:05"
"Samsung","Unknown","10.60.4.245/::","B8:BC:5B:49:0C:DB","EHC TV","C8:03:F5:33:AE:A0","10260636","283476","9977160","201","7076","-73","23","g/n","60","1","N/A","Standard+Open","AUTHORIZED","vsz","2025/07/04 11:37:46"
"Samsung","Unknown","10.30.1.251/::","B8:BC:5B:49:0D:07","EHC TV","C8:03:F5:33:B3:E0","2882711699","110769163","2771942536","2646","66233","-71","24","g/n","30","11","N/A","Standard+Open","AUTHORIZED","vsz","2025/07/04 00:13:22"
"Samsung","Unknown","10.100.4.99/::","B8:BC:5B:E0:A2:65","EHC TV","20:58:69:0C:98:30","438362828","15723882","422638946","12420","333838","-75","23","g/n","100","1","N/A","Standard+Open","AUTHORIZED","vsz","2025/07/04 11:27:58"
"Samsung","Unknown","10.100.3.36/::","B8:BC:5B:ED:D9:77","EHC TV","20:58:69:0C:86:C0","1043302034","48354248","994947786","14692","302323","-63","30","g/n","100","6","N/A","Standard+Open","AUTHORIZED","vsz","2025/07/03 20:31:24"
"Samsung","Unknown","10.60.3.239/::","B8:BC:5B:ED:D9:7C","EHC TV","20:58:69:24:83:F0","2381309","336361","2044948","54","329","-81","14","g/n","60","1","N/A","Standard+Open","AUTHORIZED","vsz","2025/07/04 07:14:55"
"Samsung","Unknown","10.20.0.3/::","B8:BC:5B:ED:D9:9A","EHC TV","20:58:69:0C:72:20","51309313","472576","50836737","14","1586","-75","21","g/n","20","1","N/A","Standard+Open","AUTHORIZED","vsz","2025/07/04 01:08:52"
"Samsung","Unknown","10.100.0.44/::","B8:BC:5B:ED:D9:AF","EHC TV","20:58:69:0C:7C:80","9172450","773360","8399090","535","5816","-75","21","g/n","100","11","N/A","Standard+Open","AUTHORIZED","vsz","2025/07/04 11:39:33"
"Samsung","Unknown","10.100.5.109/::","B8:BC:5B:ED:D9:C0","EHC TV","20:58:69:0C:7C:80","88738016","4389639","84348377","2113","40610","-72","24","g/n","100","11","N/A","Standard+Open","AUTHORIZED","vsz","2025/07/04 11:22:09"
"Samsung","Unknown","10.100.2.163/::","B8:BC:5B:ED:D9:CE","EHC TV","20:58:69:0C:7A:40","413943","260846","153097","199","117","-68","29","g/n","100","11","N/A","Standard+Open","AUTHORIZED","vsz","2025/07/04 11:31:25"
"Samsung","Unknown","10.30.7.162/::","B8:BC:5B:ED:D9:D1","EHC TV","C8:03:F5:33:A7:C0","4921081","342023","4579058","669","8960","-69","25","g/n","30","6","N/A","Standard+Open","AUTHORIZED","vsz","2025/07/04 11:54:27"
"Samsung","Unknown","10.100.7.160/::","B8:BC:5B:ED:D9:D2","EHC TV","20:58:69:0C:7C:80","100961823","4616228","96345595","2919","60939","-72","24","g/n","100","11","N/A","Standard+Open","AUTHORIZED","vsz","2025/07/04 11:22:09"
"Samsung","Unknown","10.100.0.57/::","B8:BC:5B:ED:DA:0B","EHC TV","20:58:69:0C:7C:80","121890463","5544723","116345740","3431","71996","-77","19","g/n","100","11","N/A","Standard+Open","AUTHORIZED","vsz","2025/07/04 11:36:42"
"Samsung","Unknown","10.60.5.131/::","B8:BC:5B:ED:DA:3E","EHC TV","20:58:69:0C:72:50","38491640","2375739","36115901","2762","41995","-79","16","g/n","60","6","N/A","Standard+Open","AUTHORIZED","vsz","2025/07/04 11:48:28"
"Samsung","Unknown","10.90.4.14/::","B8:BC:5B:ED:DA:48","EHC TV","B4:79:C8:10:E5:40","1381098150","47657751","1333440399","8855","247759","-66","30","g/n","90","1","N/A","Standard+Open","AUTHORIZED","vsz","2025/07/04 08:32:39"
"Samsung","Unknown","10.90.4.184/::","B8:BC:5B:ED:DA:60","EHC TV","B4:79:C8:10:E3:B0","2069175303","80484903","1988690400","2566","63427","-66","29","g/n","90","6","N/A","Standard+Open","AUTHORIZED","vsz","2025/07/04 01:32:16"
"Samsung","Unknown","10.90.5.58/::","B8:BC:5B:ED:DA:70","EHC TV","B4:79:C8:10:EA:10","57905907","763152","57142755","231","17305","-76","20","g/n","90","1","N/A","Standard+Open","AUTHORIZED","vsz","2025/07/04 05:21:01"
"Samsung","Unknown","10.90.4.99/::","B8:BC:5B:ED:DB:61","EHC TV","B4:79:C8:10:D6:50","1722","0","1722","0","430","-85","12","g/n","90","1","N/A","Standard+Open","AUTHORIZED","vsz","2025/07/04 12:04:25"
"Samsung","Unknown","10.30.4.70/::","B8:BC:5B:FC:56:22","EHC TV","20:58:69:0C:75:20","341493520","14330068","327163452","6129","139933","-74","21","g/n","30","6","N/A","Standard+Open","AUTHORIZED","vsz","2025/07/04 11:24:59"
"Samsung","Unknown","10.90.2.126/::","B8:BC:5B:FC:9C:3E","EHC TV","20:58:69:0C:92:30","9328440","692558","8635882","22","279","-69","29","g/n","90","11","N/A","Standard+Open","AUTHORIZED","vsz","2025/07/04 01:28:00"
"Samsung","Unknown","10.90.3.73/::","B8:BC:5B:FC:9D:FA","EHC TV","B4:79:C8:10:DE:70","2421909","298914","2122995","14","101","-80","16","g/n","90","11","N/A","Standard+Open","AUTHORIZED","vsz","2025/07/04 04:16:49"
"S23-Ultra-alkhas-b-rynad","Unknown","10.20.0.151/::","BA:4B:52:48:1B:EA","EHC TV","20:58:69:0C:78:30","24876440","2163007","22713433","123","1292","-83","10","g/n","20","6","N/A","Standard+Open","AUTHORIZED","vsz","2025/07/04 07:10:56"
"OPPO-A5-Pro-5G","Unknown","10.40.1.142/::","BA:5B:CF:ED:C2:EE","EHC TV","20:58:69:0C:7A:A0","145562277","5167963","140394314","2253","61227","-88","6","g/n","40","11","N/A","Standard+Open","AUTHORIZED","vsz","2025/07/04 10:57:43"
"Galaxy-A14","Unknown","10.20.1.102/::","BA:F9:FD:44:D6:42","EHC TV","20:58:69:0C:6F:C0","50205587","1974979","48230608","9228","225376","-77","18","g/n","20","11","N/A","Standard+Open","AUTHORIZED","vsz","2025/07/04 11:59:23"
"HP5895B8","HP Printer","10.100.2.63/::","BC:0F:F3:58:95:B8","EHC TV","20:58:69:0C:A3:40","42842563","651020","42191543","27","1785","-54","40","g/n","100","6","N/A","Standard+Open","AUTHORIZED","vsz","2025/07/04 05:28:54"
"HP58A543","HP Printer","10.100.2.64/::","BC:0F:F3:58:A5:43","EHC TV","20:58:69:0C:A3:40","19574444","267962","19306482","26","1928","-45","49","g/n","100","6","N/A","Standard+Open","AUTHORIZED","vsz","2025/07/04 09:15:58"
"","Unknown","10.90.7.175/::","BC:61:93:63:22:A4","EHC TV","B4:79:C8:10:D4:A0","24220745","1179898","23040847","170","3338","-76","17","g/n","90","6","N/A","Standard+Open","AUTHORIZED","vsz","2025/07/04 10:08:18"
"Redmi-10A","Unknown","10.40.3.90/::","BC:6C:AC:5C:FF:23","EHC TV","84:23:88:1E:4C:80","695749714","12003831","683745883","154","8827","-71","21","g/n","40","1","N/A","Standard+Open","AUTHORIZED","vsz","2025/07/03 14:33:02"
"M2102J20SG","Unknown","10.30.6.58/::","C2:B7:16:04:E7:47","EHC TV","C8:03:F5:33:A5:50","6719367","1074188","5645179","737","3877","-86","14","a/n/ac","30","40","N/A","Standard+Open","AUTHORIZED","vsz","2025/07/04 11:39:25"
"HONOR-X9b-5G","Unknown","10.60.4.200/::","C6:07:D9:5F:87:88","EHC TV","C8:03:F5:14:C5:B0","1260244872","41294083","1218950789","1572","46432","-86","14","a/n/ac","60","44","N/A","Standard+Open","AUTHORIZED","vsz","2025/07/04 04:46:55"
"Redmi-A2","Unknown","10.30.0.21/::","C6:43:3E:A4:12:7E","EHC TV","20:58:69:0C:75:30","15359679","1306196","14053483","742","7984","-72","23","g/n","30","6","N/A","Standard+Open","AUTHORIZED","vsz","2025/07/04 06:27:18"
"","Unknown","10.90.4.253/::","C6:EA:38:1E:4F:AB","EHC TV","8C:FE:74:04:4D:30","","","","","","","","N/A","90","","N/A","Standard+Open","AUTHORIZED","","2025/07/04 12:03:06"
"V2204","Unknown","10.100.5.234/::","CA:0E:26:DC:F8:AC","EHC TV","20:58:69:0C:B3:30","553809486","24202048","529607438","8121","177720","-77","18","g/n","100","6","N/A","Standard+Open","AUTHORIZED","vsz","2025/07/04 11:14:25"
"Galaxy-M12","Unknown","10.30.0.177/::","CA:BE:05:8C:62:6D","EHC TV","20:58:69:0C:B0:F0","31947767","1850206","30097561","455","7416","-66","29","g/n","30","1","N/A","Standard+Open","AUTHORIZED","vsz","2025/07/04 10:56:05"
"Galaxy-A15-5G","Unknown","10.60.4.3/::","CE:31:6A:6E:E7:D1","EHC TV","54:EC:2F:07:59:F0","6965128","85806","6879322","72","5829","-71","24","g/n","60","11","N/A","Standard+Open","AUTHORIZED","vsz","2025/07/04 11:35:15"
"V2026","Unknown","10.110.7.45/::","D2:20:85:24:26:7C","EHC TV","1C:3A:60:0A:A4:90","0","0","0","0","0","0","0","g/n","110","11","N/A","Standard+Open","AUTHORIZED","vsz","2025/07/04 12:03:44"
"iPhone","Unknown","10.90.2.177/::","D2:57:27:93:5F:52","EHC TV","B4:79:C8:10:C3:F0","69519709","9517320","60002389","12077","76145","-84","13","g/n","90","11","N/A","Standard+Open","AUTHORIZED","vsz","2025/07/04 11:49:34"
"Galaxy-A15-5G","Unknown","10.60.7.160/::","D2:8E:B1:89:65:24","EHC TV","B4:79:C8:10:D3:20","36358131","84550","36273581","14","6140","-88","13","a/n/ac","60","48","N/A","Standard+Open","AUTHORIZED","vsz","2025/07/04 05:41:32"
"","Android","10.100.0.13/::","D4:9E:3B:3A:1C:85","EHC TV","20:58:69:0C:A4:80","82411596","3745021","78666575","1153","24234","-64","30","g/n","100","11","N/A","Standard+Open","AUTHORIZED","vsz","2025/07/04 11:10:24"
"","Android","10.100.2.149/::","D4:9E:3B:3A:1C:9F","EHC TV","20:58:69:0C:7B:C0","537937278","25734376","512202902","624","12433","-77","16","g/n","100","6","N/A","Standard+Open","AUTHORIZED","vsz","2025/07/04 00:37:03"
"","Android","10.100.7.5/::","D4:9E:3B:3A:1D:FC","EHC TV","20:58:69:0C:6E:70","8495363807","286956038","8208407769","4036","115455","-68","27","g/n","100","11","N/A","Standard+Open","AUTHORIZED","vsz","2025/07/02 02:12:31"
"","Android","10.30.6.105/::","D4:9E:3B:3A:1F:A3","EHC TV","20:58:69:0C:75:30","1119407300","36272458","1083134842","4599","137331","-67","28","g/n","30","6","N/A","Standard+Open","AUTHORIZED","vsz","2025/07/04 09:51:18"
"","Android","10.100.5.75/::","D4:9E:3B:3A:28:AD","EHC TV","20:58:69:0C:6D:B0","43041816","1303064","41738752","58","1865","-70","26","g/n","100","6","N/A","Standard+Open","AUTHORIZED","vsz","2025/07/04 05:51:50"
"Galaxy-A55-5G","Unknown","10.20.1.81/::","D6:78:A5:B6:94:D2","EHC TV","C8:03:F5:33:AC:B0","57192511","3652042","53540469","827","12135","-90","13","a/n/ac","20","112","N/A","Standard+Open","AUTHORIZED","vsz","2025/07/04 06:20:36"
"realme-C53","Unknown","10.80.3.221/::","D6:B1:58:D5:6C:53","EHC TV","C8:03:F5:38:F4:A0","4931729","106727","4825002","58","2630","-87","9","g/n","80","1","N/A","Standard+Open","AUTHORIZED","vsz","2025/07/04 11:33:33"
"POCO-C61","Unknown","10.80.1.181/::","DA:EE:A9:14:1E:6B","EHC TV","C8:03:F5:33:DE:60","4083403","449717","3633686","355","2870","-80","20","a/n/ac","80","56","N/A","Standard+Open","AUTHORIZED","vsz","2025/07/04 11:43:18"
"android-df10ecd76ea0fb67","Android","10.20.0.244/::","DC:29:19:7A:88:CD","EHC TV","C8:03:F5:33:AC:B0","562958728","34889615","528069113","35420","536110","-65","30","g/n","20","6","N/A","Standard+Open","AUTHORIZED","vsz","2025/07/04 10:50:05"
"","Android","10.50.5.234/::","DC:29:19:9B:8E:3D","EHC TV","B4:79:C8:10:D9:60","11548046004","435945924","11112100080","3360","85657","-73","21","g/n","50","6","N/A","Standard+Open","AUTHORIZED","vsz","2025/07/03 00:02:42"
"Redmi-10A","Unknown","10.30.2.252/::","DC:6A:E7:8A:CF:7E","EHC TV","C8:03:F5:39:D1:E0","421142","4130","417012","13","1408","-90","6","g/n","20","1","N/A","Standard+Open","AUTHORIZED","vsz","2025/07/04 11:56:35"
"iPhone","Unknown","10.90.3.79/::","DC:9E:8F:70:E2:4A","EHC TV","B4:79:C8:11:04:D0","1371207","201758","1169449","917","5315","-87","13","a/n/ac","90","104","N/A","Standard+Open","AUTHORIZED","vsz","2025/07/04 12:00:50"
"RE205","Windows Phone 8.0","10.40.5.181/::","DE:44:89:56:DF:AD","EHC TV","84:23:88:1E:4B:A0","16451654","56889","16394765","11","3260","-86","3","a/n/ac","40","140","N/A","Standard+Open","AUTHORIZED","vsz","2025/07/04 10:38:25"
"Redmi-Note-11-Pro","Unknown","10.20.0.137/::","E0:80:6B:4D:EC:1F","EHC TV","8C:FE:74:00:D5:F0","5692","4346","1346","11","3","-81","15","g/n","20","6","N/A","Standard+Open","AUTHORIZED","vsz","2025/07/04 11:58:45"
"10w","Unknown","10.20.0.78/::","E2:91:38:CE:55:05","EHC TV","20:58:69:0C:72:20","29064093","5540270","23523823","336","1427","-84","12","g/n","20","1","N/A","Standard+Open","AUTHORIZED","vsz","2025/07/04 06:33:02"
"Redmi-13C","Unknown","10.60.1.201/::","E6:1F:F8:B4:99:8E","EHC TV","B4:79:C8:10:C6:70","59437177","1229075","58208102","135","6424","-74","22","g/n","60","11","N/A","Standard+Open","AUTHORIZED","vsz","2025/07/04 09:34:01"
"Redmi-Note-10S","Unknown","10.80.1.178/::","EA:2E:01:91:34:6E","EHC TV","C8:03:F5:33:C5:A0","26231220","511835","25719385","1902","95611","-91","6","g/n","80","11","N/A","Standard+Open","AUTHORIZED","vsz","2025/07/04 12:00:00"
"Galaxy-Tab-A9","Unknown","10.30.6.215/::","EA:4F:DB:58:8E:F3","EHC TV","20:58:69:0C:6A:00","35481706","70025","35411681","5","3032","-84","16","a/n/ac","30","48","N/A","Standard+Open","AUTHORIZED","vsz","2025/07/04 08:49:05"
"mhmd-wayl","Unknown","10.60.4.28/::","EC:0D:51:24:55:9F","EHC TV","C8:03:F5:14:DA:60","1117198","33455","1083743","164","5338","-72","24","N/A","60","11","N/A","Standard+Open","AUTHORIZED","vsz","2025/07/04 12:00:04"
"Galaxy-A55-5G","Unknown","10.60.0.2/::","EE:23:98:0C:66:E9","EHC TV","B4:79:C8:10:E1:70","1210781204","137802889","1072978315","4038","31441","-68","27","g/n","60","6","N/A","Standard+Open","AUTHORIZED","vsz","2025/07/04 02:36:01"
"","Unknown","10.60.5.166/::","EE:4C:1D:4F:3B:59","EHC TV","54:EC:2F:07:2A:80","586161","2697","583464","24","5256","-91","13","a/n/ac","60","157","N/A","Standard+Open","AUTHORIZED","vsz","2025/07/04 12:02:24"
"Redmi-13C","Unknown","10.30.7.126/::","EE:5E:CE:46:FB:8F","EHC TV","20:58:69:0C:6C:60","0","0","0","0","0","0","0","a/n/ac","30","100","N/A","Standard+Open","AUTHORIZED","vsz","2025/07/04 12:03:30"
"iPhone","Unknown","10.90.2.206/::","EE:79:FE:B8:77:BD","EHC TV","B4:79:C8:10:E0:10","1337294","122567","1214727","9428","93440","-94","15","a/n/ac","90","116","N/A","Standard+Open","AUTHORIZED","vsz","2025/07/04 12:03:11"
"A15-alkhas-b-Shamiha","Unknown","10.40.7.75/::","F2:1E:69:54:06:2A","EHC TV","B4:79:C8:10:DC:10","34165","14203","19962","29","41","-76","18","g/n","40","6","N/A","Standard+Open","AUTHORIZED","vsz","2025/07/04 11:54:32"
"Nothing-Phone-2a","Unknown","10.80.1.44/::","F2:1F:25:0E:28:2C","EHC TV","70:CA:97:25:BF:50","815126625","51683104","763443521","10116","149431","-76","27","a/n/ac","80","48","N/A","Standard+Open","AUTHORIZED","vsz","2025/07/04 10:37:28"
"","Android","10.30.2.241/::","F4:B1:9C:1E:B0:7B","EHC TV","20:58:69:0C:A4:A0","626282799","18376172","607906627","2516","83263","-61","33","g/n","30","1","N/A","Standard+Open","AUTHORIZED","vsz","2025/07/04 10:03:18"
"","Android","10.90.7.30/::","F4:B1:9C:1E:B1:40","EHC TV","B4:79:C8:10:D4:80","164242259","4215817","160026442","4489","170422","-66","30","g/n","90","1","N/A","Standard+Open","AUTHORIZED","vsz","2025/07/04 11:47:19"
"","Android","10.90.1.230/::","F4:B1:9C:1E:B1:45","EHC TV","B4:79:C8:10:E3:30","2818319","20877","2797442","24","3334","-61","36","g/n","90","11","N/A","Standard+Open","AUTHORIZED","vsz","2025/07/04 11:48:28"
"Nafisa21","Unknown","10.100.2.242/::","F6:35:0F:3D:3C:7B","EHC TV","20:58:69:0C:6E:70","60015989","3918275","56097714","193","2774","-80","20","a/n/ac","100","112","N/A","Standard+Open","AUTHORIZED","vsz","2025/07/04 06:27:36"
"Redmi-Pad-SE","Unknown","10.70.7.51/::","F6:42:37:A4:8F:CB","EHC TV","20:58:69:0C:7E:20","2112602","359677","1752925","315","1539","-66","32","g/n","70","1","N/A","Standard+Open","AUTHORIZED","vsz","2025/07/04 11:23:11"
"Galaxy-S24-Ultra","Unknown","10.30.6.56/::","F6:77:FD:F7:FA:11","EHC TV","C8:03:F5:33:A9:00","87130819","2304124","84826695","321","11827","-97","6","a/n/ac","30","116","N/A","Standard+Open","AUTHORIZED","vsz","2025/07/04 10:04:10"
"Galaxy-A15","Unknown","10.60.7.175/::","F6:A9:88:34:FB:42","EHC TV","C8:03:F5:14:CD:A0","1497423729","871311130","626112599","29535","21224","-72","24","g/n","60","1","N/A","Standard+Open","AUTHORIZED","vsz","2025/07/04 03:52:38"
"OPPO-A18","Unknown","10.80.1.147/::","F6:F2:5B:4C:BC:44","EHC TV","C8:03:F5:38:F5:80","217199015","24046162","193152853","10180","81775","-73","27","a/n/ac","80","56","N/A","Standard+Open","AUTHORIZED","vsz","2025/07/04 11:23:35"
"HONOR-Pad-X8a","Unknown","10.20.0.47/::","FA:2A:F2:8F:15:D5","EHC TV","B4:79:C8:10:D4:60","17968998","753799","17215199","435","9945","-74","22","g/n","20","11","N/A","Standard+Open","AUTHORIZED","vsz","2025/07/04 04:35:00"
"POCO-F6","Unknown","10.30.6.0/::","FA:AE:9D:27:28:EB","EHC TV","20:58:69:0C:6A:30","9866094","1414796","8451298","18138","108349","-77","18","g/n","30","11","N/A","Standard+Open","AUTHORIZED","vsz","2025/07/04 11:38:53"
"S24-Ultra-alkhas-b-maria","Unknown","10.20.0.14/::","FA:B2:E2:D5:9B:30","EHC TV","B4:79:C8:10:D4:60","11353153","847703","10505450","17300","214396","-89","11","a/n/ac","20","100","N/A","Standard+Open","AUTHORIZED","vsz","2025/07/04 12:02:06"
"Redmi-Note-8-Pro","Unknown","10.70.3.44/::","FC:19:99:D5:0D:51","EHC TV","20:58:69:0C:7B:10","735428","130914","604514","165","766","-87","8","g/n","70","1","N/A","Standard+Open","AUTHORIZED","vsz","2025/07/04 11:51:19"
"POCO-C65","Unknown","10.20.1.105/::","FE:34:E2:D1:F1:40","EHC TV","C8:03:F5:33:AC:B0","0","0","0","0","0","0","0","g/n","20","6","N/A","Standard+Open","AUTHORIZED","vsz","2025/07/04 11:35:36"
